Delivery,ResName,anouncer,construction,standing,location,price
,Résidence Tamouda 2 & 3,Groupe Al Omrane - Résidence Tamouda 2&3 , Finalisé, Économique, El Matar à Tétouan,250000
décembre 2022,Caprice Hivernage,Caprice Hivernage , En cours de construction, Haut standing, Hivernage à Marrakech,325500
mars 2022,Next House Casa Anfa / Lancement 2eme Tranche,Al Akaria Next House Casa Anfa , En cours de construction, Haut standing, Casablanca Finance City à Casablanca,1789000
octobre 2021,Villa de 300 m2 Malabata - Sans Finition,Acharq Al Awsat , Finalisé, Haut standing, Malabata à Tanger,1950000
,Commerces Riad Taddart,Konouz Immobilier , Finalisé, Économique, Taddart Anza à Agadir,
,Résidence Tamanart,Konouz Immobilier , Finalisé, Moyen standing, Hay Salam à Agadir,431000
,Argan Golf Resort - Terrains,Argan Golf Resort , Finalisé, Haut standing, Route de l'Ourika à Marrakech,1100000
décembre 2022,Caprice Tower,Caprice Immobilier / Caprice Tower  , En cours de construction,, Guéliz à Marrakech,350000
septembre 2022,Résidence Touahri 13,Groupe Touahri - Résidence Touahri 13 , En cours de construction, Moyen standing, Sidi Hajji à Salé,731000
,,Konouz Immobilier , En cours de construction,,,152000
,Villas de la Colline II (CGT),CGI  , En cours de construction, Haut standing, Bouskoura,4200000
,Complexe Résidentiel Ibn Khaldoun,Groupe Al Omrane - Ibn Khaldoun Appartement , Finalisé, Moyen standing, Route Nationale Assilah (N1) à Tanger,651200
,Fès City Center,Fès City Center , Finalisé, Haut standing, Fes City Center à Fès,790000
juin 2022,Coral Towers,Coral Towers , En cours de construction, Haut standing, Bella Vista à Tanger,
juillet 2023,Palm Zenata ,EMC IMMOBILIER -  Palm Garden , En cours de construction, Haut standing, Zenata,
,Les Allées de Californie lance sa 2ème tranche !,Les Allées de Californie , En cours de construction, Haut standing, Californie à Casablanca,1070000
,Tigumi Lkhir - Dar lkhir,DAR SUD DEVELOPPEMENT , En cours de construction, Moyen standing, Ait Melloul,450000
,Shems Tit Mellil,Shems Tit Mellil , Finalisé, Économique, Tit Mellil,660000
,Résidence El Yassamine,Groupe Ikamati - Projet Al Yassamine , Finalisé, Moyen standing, Bernoussi à Casablanca,500000
,Résidence Bahja : rapport qualité-prix unique à Tanger,Transnatio-Inter , En cours de construction, Moyen standing, Tanja Balia à Tanger,397300
,,Association AL AMAL , Finalisé,,,
,,Konouz Immobilier , En cours de construction,,,
,Al Massira ,CGI  , Finalisé, Moyen standing, Fnideq,330000
,ANFAL II,Coopérative WIFAQ ASMIR , En cours de construction, Haut standing, Harhoura,2245950
,Evasion Bouznika,Evasion Immo , Finalisé, Haut standing, Plage Oued Cherrat à Bouznika,1850000
,Vert Marine - Triplex,Saham Immobilier - Vert Marine , Finalisé, Haut standing, Dar Bouazza,3980000
,Eden Island Appartements,Eden Island , Finalisé, Haut standing, Plage Oued Cherrat à Bouznika,1541000
,Résidence  Assalam,Konouz Immobilier , En cours de construction, Économique, Al fath à Skhirat,250000
,,Konouz Immobilier , En cours de construction,,,
,Les Allées de Californie : découvrez notre résidence fermée au quartier Californie.,Les Allées de Californie , Finalisé, Haut standing, Californie à Casablanca,1625000
,Résidence Tamouda 2 & 3,Groupe Al Omrane - Résidence Tamouda 2&3 , Finalisé, Économique, El Matar à Tétouan,250000
décembre 2022,Caprice Hivernage,Caprice Hivernage , En cours de construction, Haut standing, Hivernage à Marrakech,325500
mars 2022,Next House Casa Anfa / Lancement 2eme Tranche,Al Akaria Next House Casa Anfa , En cours de construction, Haut standing, Casablanca Finance City à Casablanca,1789000
octobre 2021,Villa de 300 m2 Malabata - Sans Finition,Acharq Al Awsat , Finalisé, Haut standing, Malabata à Tanger,1950000
,Commerces Riad Taddart,Konouz Immobilier , Finalisé, Économique, Taddart Anza à Agadir,
,Résidence Tamanart,Konouz Immobilier , Finalisé, Moyen standing, Hay Salam à Agadir,431000
,Argan Golf Resort - Terrains,Argan Golf Resort , Finalisé, Haut standing, Route de l'Ourika à Marrakech,1100000
décembre 2022,Caprice Tower,Caprice Immobilier / Caprice Tower  , En cours de construction,, Guéliz à Marrakech,350000
septembre 2022,Résidence Touahri 13,Groupe Touahri - Résidence Touahri 13 , En cours de construction, Moyen standing, Sidi Hajji à Salé,731000
,,Konouz Immobilier , En cours de construction,,,152000
,Villas de la Colline II (CGT),CGI  , En cours de construction, Haut standing, Bouskoura,4200000
,Complexe Résidentiel Ibn Khaldoun,Groupe Al Omrane - Ibn Khaldoun Appartement , Finalisé, Moyen standing, Route Nationale Assilah (N1) à Tanger,651200
,Fès City Center,Fès City Center , Finalisé, Haut standing, Fes City Center à Fès,790000
juin 2022,Coral Towers,Coral Towers , En cours de construction, Haut standing, Bella Vista à Tanger,
juillet 2023,Palm Zenata ,EMC IMMOBILIER -  Palm Garden , En cours de construction, Haut standing, Zenata,
,Les Allées de Californie lance sa 2ème tranche !,Les Allées de Californie , En cours de construction, Haut standing, Californie à Casablanca,1070000
,Tigumi Lkhir - Dar lkhir,DAR SUD DEVELOPPEMENT , En cours de construction, Moyen standing, Ait Melloul,450000
,Shems Tit Mellil,Shems Tit Mellil , Finalisé, Économique, Tit Mellil,660000
,Résidence El Yassamine,Groupe Ikamati - Projet Al Yassamine , Finalisé, Moyen standing, Bernoussi à Casablanca,500000
,Résidence Bahja : rapport qualité-prix unique à Tanger,Transnatio-Inter , En cours de construction, Moyen standing, Tanja Balia à Tanger,397300
,,Association AL AMAL , Finalisé,,,
,,Konouz Immobilier , En cours de construction,,,
,Al Massira ,CGI  , Finalisé, Moyen standing, Fnideq,330000
,ANFAL II,Coopérative WIFAQ ASMIR , En cours de construction, Haut standing, Harhoura,2245950
,Evasion Bouznika,Evasion Immo , Finalisé, Haut standing, Plage Oued Cherrat à Bouznika,1850000
,Vert Marine - Triplex,Saham Immobilier - Vert Marine , Finalisé, Haut standing, Dar Bouazza,3980000
,Eden Island Appartements,Eden Island , Finalisé, Haut standing, Plage Oued Cherrat à Bouznika,1541000
,Résidence  Assalam,Konouz Immobilier , En cours de construction, Économique, Al fath à Skhirat,250000
,,Konouz Immobilier , En cours de construction,,,
,Les Allées de Californie : découvrez notre résidence fermée au quartier Californie.,Les Allées de Californie , Finalisé, Haut standing, Californie à Casablanca,1625000
,Résidence Tamouda 2 & 3,Groupe Al Omrane - Résidence Tamouda 2&3 , Finalisé, Économique, El Matar à Tétouan,250000
décembre 2022,Caprice Hivernage,Caprice Hivernage , En cours de construction, Haut standing, Hivernage à Marrakech,325500
mars 2022,Next House Casa Anfa / Lancement 2eme Tranche,Al Akaria Next House Casa Anfa , En cours de construction, Haut standing, Casablanca Finance City à Casablanca,1789000
octobre 2021,Villa de 300 m2 Malabata - Sans Finition,Acharq Al Awsat , Finalisé, Haut standing, Malabata à Tanger,1950000
,Commerces Riad Taddart,Konouz Immobilier , Finalisé, Économique, Taddart Anza à Agadir,
,Résidence Tamanart,Konouz Immobilier , Finalisé, Moyen standing, Hay Salam à Agadir,431000
,Argan Golf Resort - Terrains,Argan Golf Resort , Finalisé, Haut standing, Route de l'Ourika à Marrakech,1100000
décembre 2022,Caprice Tower,Caprice Immobilier / Caprice Tower  , En cours de construction,, Guéliz à Marrakech,350000
septembre 2022,Résidence Touahri 13,Groupe Touahri - Résidence Touahri 13 , En cours de construction, Moyen standing, Sidi Hajji à Salé,731000
,,Konouz Immobilier , En cours de construction,,,152000
,Villas de la Colline II (CGT),CGI  , En cours de construction, Haut standing, Bouskoura,4200000
,Complexe Résidentiel Ibn Khaldoun,Groupe Al Omrane - Ibn Khaldoun Appartement , Finalisé, Moyen standing, Route Nationale Assilah (N1) à Tanger,651200
,Fès City Center,Fès City Center , Finalisé, Haut standing, Fes City Center à Fès,790000
juin 2022,Coral Towers,Coral Towers , En cours de construction, Haut standing, Bella Vista à Tanger,
juillet 2023,Palm Zenata ,EMC IMMOBILIER -  Palm Garden , En cours de construction, Haut standing, Zenata,
,Les Allées de Californie lance sa 2ème tranche !,Les Allées de Californie , En cours de construction, Haut standing, Californie à Casablanca,1070000
,Tigumi Lkhir - Dar lkhir,DAR SUD DEVELOPPEMENT , En cours de construction, Moyen standing, Ait Melloul,450000
,Shems Tit Mellil,Shems Tit Mellil , Finalisé, Économique, Tit Mellil,660000
,Résidence El Yassamine,Groupe Ikamati - Projet Al Yassamine , Finalisé, Moyen standing, Bernoussi à Casablanca,500000
,Résidence Bahja : rapport qualité-prix unique à Tanger,Transnatio-Inter , En cours de construction, Moyen standing, Tanja Balia à Tanger,397300
,,Association AL AMAL , Finalisé,,,
,,Konouz Immobilier , En cours de construction,,,
,Al Massira ,CGI  , Finalisé, Moyen standing, Fnideq,330000
,ANFAL II,Coopérative WIFAQ ASMIR , En cours de construction, Haut standing, Harhoura,2245950
,Evasion Bouznika,Evasion Immo , Finalisé, Haut standing, Plage Oued Cherrat à Bouznika,1850000
,Vert Marine - Triplex,Saham Immobilier - Vert Marine , Finalisé, Haut standing, Dar Bouazza,3980000
,Eden Island Appartements,Eden Island , Finalisé, Haut standing, Plage Oued Cherrat à Bouznika,1541000
,Résidence  Assalam,Konouz Immobilier , En cours de construction, Économique, Al fath à Skhirat,250000
,,Konouz Immobilier , En cours de construction,,,
,Les Allées de Californie : découvrez notre résidence fermée au quartier Californie.,Les Allées de Californie , Finalisé, Haut standing, Californie à Casablanca,1625000
,Résidence Tamouda 2 & 3,Groupe Al Omrane - Résidence Tamouda 2&3 , Finalisé, Économique, El Matar à Tétouan,250000
décembre 2022,Caprice Hivernage,Caprice Hivernage , En cours de construction, Haut standing, Hivernage à Marrakech,325500
mars 2022,Next House Casa Anfa / Lancement 2eme Tranche,Al Akaria Next House Casa Anfa , En cours de construction, Haut standing, Casablanca Finance City à Casablanca,1789000
octobre 2021,Villa de 300 m2 Malabata - Sans Finition,Acharq Al Awsat , Finalisé, Haut standing, Malabata à Tanger,1950000
,Commerces Riad Taddart,Konouz Immobilier , Finalisé, Économique, Taddart Anza à Agadir,
,Résidence Tamanart,Konouz Immobilier , Finalisé, Moyen standing, Hay Salam à Agadir,431000
,Argan Golf Resort - Terrains,Argan Golf Resort , Finalisé, Haut standing, Route de l'Ourika à Marrakech,1100000
décembre 2022,Caprice Tower,Caprice Immobilier / Caprice Tower  , En cours de construction,, Guéliz à Marrakech,350000
septembre 2022,Résidence Touahri 13,Groupe Touahri - Résidence Touahri 13 , En cours de construction, Moyen standing, Sidi Hajji à Salé,731000
,,Konouz Immobilier , En cours de construction,,,152000
,Villas de la Colline II (CGT),CGI  , En cours de construction, Haut standing, Bouskoura,4200000
,Complexe Résidentiel Ibn Khaldoun,Groupe Al Omrane - Ibn Khaldoun Appartement , Finalisé, Moyen standing, Route Nationale Assilah (N1) à Tanger,651200
,Fès City Center,Fès City Center , Finalisé, Haut standing, Fes City Center à Fès,790000
juin 2022,Coral Towers,Coral Towers , En cours de construction, Haut standing, Bella Vista à Tanger,
juillet 2023,Palm Zenata ,EMC IMMOBILIER -  Palm Garden , En cours de construction, Haut standing, Zenata,
,Les Allées de Californie lance sa 2ème tranche !,Les Allées de Californie , En cours de construction, Haut standing, Californie à Casablanca,1070000
,Tigumi Lkhir - Dar lkhir,DAR SUD DEVELOPPEMENT , En cours de construction, Moyen standing, Ait Melloul,450000
,Shems Tit Mellil,Shems Tit Mellil , Finalisé, Économique, Tit Mellil,660000
,Résidence El Yassamine,Groupe Ikamati - Projet Al Yassamine , Finalisé, Moyen standing, Bernoussi à Casablanca,500000
,Résidence Bahja : rapport qualité-prix unique à Tanger,Transnatio-Inter , En cours de construction, Moyen standing, Tanja Balia à Tanger,397300
,,Association AL AMAL , Finalisé,,,
,,Konouz Immobilier , En cours de construction,,,
,Al Massira ,CGI  , Finalisé, Moyen standing, Fnideq,330000
,ANFAL II,Coopérative WIFAQ ASMIR , En cours de construction, Haut standing, Harhoura,2245950
,Evasion Bouznika,Evasion Immo , Finalisé, Haut standing, Plage Oued Cherrat à Bouznika,1850000
,Vert Marine - Triplex,Saham Immobilier - Vert Marine , Finalisé, Haut standing, Dar Bouazza,3980000
,Eden Island Appartements,Eden Island , Finalisé, Haut standing, Plage Oued Cherrat à Bouznika,1541000
,Résidence  Assalam,Konouz Immobilier , En cours de construction, Économique, Al fath à Skhirat,250000
,,Konouz Immobilier , En cours de construction,,,
,Les Allées de Californie : découvrez notre résidence fermée au quartier Californie.,Les Allées de Californie , Finalisé, Haut standing, Californie à Casablanca,1625000
,Résidence Tamouda 2 & 3,Groupe Al Omrane - Résidence Tamouda 2&3 , Finalisé, Économique, El Matar à Tétouan,250000
décembre 2022,Caprice Hivernage,Caprice Hivernage , En cours de construction, Haut standing, Hivernage à Marrakech,325500
mars 2022,Next House Casa Anfa / Lancement 2eme Tranche,Al Akaria Next House Casa Anfa , En cours de construction, Haut standing, Casablanca Finance City à Casablanca,1789000
octobre 2021,Villa de 300 m2 Malabata - Sans Finition,Acharq Al Awsat , Finalisé, Haut standing, Malabata à Tanger,1950000
,Commerces Riad Taddart,Konouz Immobilier , Finalisé, Économique, Taddart Anza à Agadir,
,Résidence Tamanart,Konouz Immobilier , Finalisé, Moyen standing, Hay Salam à Agadir,431000
,Argan Golf Resort - Terrains,Argan Golf Resort , Finalisé, Haut standing, Route de l'Ourika à Marrakech,1100000
décembre 2022,Caprice Tower,Caprice Immobilier / Caprice Tower  , En cours de construction,, Guéliz à Marrakech,350000
septembre 2022,Résidence Touahri 13,Groupe Touahri - Résidence Touahri 13 , En cours de construction, Moyen standing, Sidi Hajji à Salé,731000
,,Konouz Immobilier , En cours de construction,,,152000
,Villas de la Colline II (CGT),CGI  , En cours de construction, Haut standing, Bouskoura,4200000
,Complexe Résidentiel Ibn Khaldoun,Groupe Al Omrane - Ibn Khaldoun Appartement , Finalisé, Moyen standing, Route Nationale Assilah (N1) à Tanger,651200
,Fès City Center,Fès City Center , Finalisé, Haut standing, Fes City Center à Fès,790000
juin 2022,Coral Towers,Coral Towers , En cours de construction, Haut standing, Bella Vista à Tanger,
juillet 2023,Palm Zenata ,EMC IMMOBILIER -  Palm Garden , En cours de construction, Haut standing, Zenata,
,Les Allées de Californie lance sa 2ème tranche !,Les Allées de Californie , En cours de construction, Haut standing, Californie à Casablanca,1070000
,Tigumi Lkhir - Dar lkhir,DAR SUD DEVELOPPEMENT , En cours de construction, Moyen standing, Ait Melloul,450000
,Shems Tit Mellil,Shems Tit Mellil , Finalisé, Économique, Tit Mellil,660000
,Résidence El Yassamine,Groupe Ikamati - Projet Al Yassamine , Finalisé, Moyen standing, Bernoussi à Casablanca,500000
,Résidence Bahja : rapport qualité-prix unique à Tanger,Transnatio-Inter , En cours de construction, Moyen standing, Tanja Balia à Tanger,397300
,,Association AL AMAL , Finalisé,,,
,,Konouz Immobilier , En cours de construction,,,
,Al Massira ,CGI  , Finalisé, Moyen standing, Fnideq,330000
,ANFAL II,Coopérative WIFAQ ASMIR , En cours de construction, Haut standing, Harhoura,2245950
,Evasion Bouznika,Evasion Immo , Finalisé, Haut standing, Plage Oued Cherrat à Bouznika,1850000
,Vert Marine - Triplex,Saham Immobilier - Vert Marine , Finalisé, Haut standing, Dar Bouazza,3980000
,Eden Island Appartements,Eden Island , Finalisé, Haut standing, Plage Oued Cherrat à Bouznika,1541000
,Résidence  Assalam,Konouz Immobilier , En cours de construction, Économique, Al fath à Skhirat,250000
,,Konouz Immobilier , En cours de construction,,,
,Les Allées de Californie : découvrez notre résidence fermée au quartier Californie.,Les Allées de Californie , Finalisé, Haut standing, Californie à Casablanca,1625000
,Résidence Tamouda 2 & 3,Groupe Al Omrane - Résidence Tamouda 2&3 , Finalisé, Économique, El Matar à Tétouan,250000
décembre 2022,Caprice Hivernage,Caprice Hivernage , En cours de construction, Haut standing, Hivernage à Marrakech,325500
mars 2022,Next House Casa Anfa / Lancement 2eme Tranche,Al Akaria Next House Casa Anfa , En cours de construction, Haut standing, Casablanca Finance City à Casablanca,1789000
octobre 2021,Villa de 300 m2 Malabata - Sans Finition,Acharq Al Awsat , Finalisé, Haut standing, Malabata à Tanger,1950000
,Commerces Riad Taddart,Konouz Immobilier , Finalisé, Économique, Taddart Anza à Agadir,
,Résidence Tamanart,Konouz Immobilier , Finalisé, Moyen standing, Hay Salam à Agadir,431000
,Argan Golf Resort - Terrains,Argan Golf Resort , Finalisé, Haut standing, Route de l'Ourika à Marrakech,1100000
décembre 2022,Caprice Tower,Caprice Immobilier / Caprice Tower  , En cours de construction,, Guéliz à Marrakech,350000
septembre 2022,Résidence Touahri 13,Groupe Touahri - Résidence Touahri 13 , En cours de construction, Moyen standing, Sidi Hajji à Salé,731000
,,Konouz Immobilier , En cours de construction,,,152000
,Villas de la Colline II (CGT),CGI  , En cours de construction, Haut standing, Bouskoura,4200000
,Complexe Résidentiel Ibn Khaldoun,Groupe Al Omrane - Ibn Khaldoun Appartement , Finalisé, Moyen standing, Route Nationale Assilah (N1) à Tanger,651200
,Fès City Center,Fès City Center , Finalisé, Haut standing, Fes City Center à Fès,790000
juin 2022,Coral Towers,Coral Towers , En cours de construction, Haut standing, Bella Vista à Tanger,
juillet 2023,Palm Zenata ,EMC IMMOBILIER -  Palm Garden , En cours de construction, Haut standing, Zenata,
,Les Allées de Californie lance sa 2ème tranche !,Les Allées de Californie , En cours de construction, Haut standing, Californie à Casablanca,1070000
,Tigumi Lkhir - Dar lkhir,DAR SUD DEVELOPPEMENT , En cours de construction, Moyen standing, Ait Melloul,450000
,Shems Tit Mellil,Shems Tit Mellil , Finalisé, Économique, Tit Mellil,660000
,Résidence El Yassamine,Groupe Ikamati - Projet Al Yassamine , Finalisé, Moyen standing, Bernoussi à Casablanca,500000
,Résidence Bahja : rapport qualité-prix unique à Tanger,Transnatio-Inter , En cours de construction, Moyen standing, Tanja Balia à Tanger,397300
,,Association AL AMAL , Finalisé,,,
,,Konouz Immobilier , En cours de construction,,,
,Al Massira ,CGI  , Finalisé, Moyen standing, Fnideq,330000
,ANFAL II,Coopérative WIFAQ ASMIR , En cours de construction, Haut standing, Harhoura,2245950
,Evasion Bouznika,Evasion Immo , Finalisé, Haut standing, Plage Oued Cherrat à Bouznika,1850000
,Vert Marine - Triplex,Saham Immobilier - Vert Marine , Finalisé, Haut standing, Dar Bouazza,3980000
,Eden Island Appartements,Eden Island , Finalisé, Haut standing, Plage Oued Cherrat à Bouznika,1541000
,Résidence  Assalam,Konouz Immobilier , En cours de construction, Économique, Al fath à Skhirat,250000
,,Konouz Immobilier , En cours de construction,,,
,Les Allées de Californie : découvrez notre résidence fermée au quartier Californie.,Les Allées de Californie , Finalisé, Haut standing, Californie à Casablanca,1625000
,Résidence Tamouda 2 & 3,Groupe Al Omrane - Résidence Tamouda 2&3 , Finalisé, Économique, El Matar à Tétouan,250000
décembre 2022,Caprice Hivernage,Caprice Hivernage , En cours de construction, Haut standing, Hivernage à Marrakech,325500
mars 2022,Next House Casa Anfa / Lancement 2eme Tranche,Al Akaria Next House Casa Anfa , En cours de construction, Haut standing, Casablanca Finance City à Casablanca,1789000
octobre 2021,Villa de 300 m2 Malabata - Sans Finition,Acharq Al Awsat , Finalisé, Haut standing, Malabata à Tanger,1950000
,Commerces Riad Taddart,Konouz Immobilier , Finalisé, Économique, Taddart Anza à Agadir,
,Résidence Tamanart,Konouz Immobilier , Finalisé, Moyen standing, Hay Salam à Agadir,431000
,Argan Golf Resort - Terrains,Argan Golf Resort , Finalisé, Haut standing, Route de l'Ourika à Marrakech,1100000
décembre 2022,Caprice Tower,Caprice Immobilier / Caprice Tower  , En cours de construction,, Guéliz à Marrakech,350000
septembre 2022,Résidence Touahri 13,Groupe Touahri - Résidence Touahri 13 , En cours de construction, Moyen standing, Sidi Hajji à Salé,731000
,,Konouz Immobilier , En cours de construction,,,152000
,Villas de la Colline II (CGT),CGI  , En cours de construction, Haut standing, Bouskoura,4200000
,Complexe Résidentiel Ibn Khaldoun,Groupe Al Omrane - Ibn Khaldoun Appartement , Finalisé, Moyen standing, Route Nationale Assilah (N1) à Tanger,651200
,Fès City Center,Fès City Center , Finalisé, Haut standing, Fes City Center à Fès,790000
juin 2022,Coral Towers,Coral Towers , En cours de construction, Haut standing, Bella Vista à Tanger,
juillet 2023,Palm Zenata ,EMC IMMOBILIER -  Palm Garden , En cours de construction, Haut standing, Zenata,
,Les Allées de Californie lance sa 2ème tranche !,Les Allées de Californie , En cours de construction, Haut standing, Californie à Casablanca,1070000
,Tigumi Lkhir - Dar lkhir,DAR SUD DEVELOPPEMENT , En cours de construction, Moyen standing, Ait Melloul,450000
,Shems Tit Mellil,Shems Tit Mellil , Finalisé, Économique, Tit Mellil,660000
,Résidence El Yassamine,Groupe Ikamati - Projet Al Yassamine , Finalisé, Moyen standing, Bernoussi à Casablanca,500000
,Résidence Bahja : rapport qualité-prix unique à Tanger,Transnatio-Inter , En cours de construction, Moyen standing, Tanja Balia à Tanger,397300
,,Association AL AMAL , Finalisé,,,
,,Konouz Immobilier , En cours de construction,,,
,Al Massira ,CGI  , Finalisé, Moyen standing, Fnideq,330000
,ANFAL II,Coopérative WIFAQ ASMIR , En cours de construction, Haut standing, Harhoura,2245950
,Evasion Bouznika,Evasion Immo , Finalisé, Haut standing, Plage Oued Cherrat à Bouznika,1850000
,Vert Marine - Triplex,Saham Immobilier - Vert Marine , Finalisé, Haut standing, Dar Bouazza,3980000
,Eden Island Appartements,Eden Island , Finalisé, Haut standing, Plage Oued Cherrat à Bouznika,1541000
,Résidence  Assalam,Konouz Immobilier , En cours de construction, Économique, Al fath à Skhirat,250000
,,Konouz Immobilier , En cours de construction,,,
,Les Allées de Californie : découvrez notre résidence fermée au quartier Californie.,Les Allées de Californie , Finalisé, Haut standing, Californie à Casablanca,1625000
,Résidence Tamouda 2 & 3,Groupe Al Omrane - Résidence Tamouda 2&3 , Finalisé, Économique, El Matar à Tétouan,250000
décembre 2022,Caprice Hivernage,Caprice Hivernage , En cours de construction, Haut standing, Hivernage à Marrakech,325500
mars 2022,Next House Casa Anfa / Lancement 2eme Tranche,Al Akaria Next House Casa Anfa , En cours de construction, Haut standing, Casablanca Finance City à Casablanca,1789000
octobre 2021,Villa de 300 m2 Malabata - Sans Finition,Acharq Al Awsat , Finalisé, Haut standing, Malabata à Tanger,1950000
,Commerces Riad Taddart,Konouz Immobilier , Finalisé, Économique, Taddart Anza à Agadir,
,Résidence Tamanart,Konouz Immobilier , Finalisé, Moyen standing, Hay Salam à Agadir,431000
,Argan Golf Resort - Terrains,Argan Golf Resort , Finalisé, Haut standing, Route de l'Ourika à Marrakech,1100000
décembre 2022,Caprice Tower,Caprice Immobilier / Caprice Tower  , En cours de construction,, Guéliz à Marrakech,350000
septembre 2022,Résidence Touahri 13,Groupe Touahri - Résidence Touahri 13 , En cours de construction, Moyen standing, Sidi Hajji à Salé,731000
,,Konouz Immobilier , En cours de construction,,,152000
,Villas de la Colline II (CGT),CGI  , En cours de construction, Haut standing, Bouskoura,4200000
,Complexe Résidentiel Ibn Khaldoun,Groupe Al Omrane - Ibn Khaldoun Appartement , Finalisé, Moyen standing, Route Nationale Assilah (N1) à Tanger,651200
,Fès City Center,Fès City Center , Finalisé, Haut standing, Fes City Center à Fès,790000
juin 2022,Coral Towers,Coral Towers , En cours de construction, Haut standing, Bella Vista à Tanger,
juillet 2023,Palm Zenata ,EMC IMMOBILIER -  Palm Garden , En cours de construction, Haut standing, Zenata,
,Les Allées de Californie lance sa 2ème tranche !,Les Allées de Californie , En cours de construction, Haut standing, Californie à Casablanca,1070000
,Tigumi Lkhir - Dar lkhir,DAR SUD DEVELOPPEMENT , En cours de construction, Moyen standing, Ait Melloul,450000
,Shems Tit Mellil,Shems Tit Mellil , Finalisé, Économique, Tit Mellil,660000
,Résidence El Yassamine,Groupe Ikamati - Projet Al Yassamine , Finalisé, Moyen standing, Bernoussi à Casablanca,500000
,Résidence Bahja : rapport qualité-prix unique à Tanger,Transnatio-Inter , En cours de construction, Moyen standing, Tanja Balia à Tanger,397300
,,Association AL AMAL , Finalisé,,,
,,Konouz Immobilier , En cours de construction,,,
,Al Massira ,CGI  , Finalisé, Moyen standing, Fnideq,330000
,ANFAL II,Coopérative WIFAQ ASMIR , En cours de construction, Haut standing, Harhoura,2245950
,Evasion Bouznika,Evasion Immo , Finalisé, Haut standing, Plage Oued Cherrat à Bouznika,1850000
,Vert Marine - Triplex,Saham Immobilier - Vert Marine , Finalisé, Haut standing, Dar Bouazza,3980000
,Eden Island Appartements,Eden Island , Finalisé, Haut standing, Plage Oued Cherrat à Bouznika,1541000
,Résidence  Assalam,Konouz Immobilier , En cours de construction, Économique, Al fath à Skhirat,250000
,,Konouz Immobilier , En cours de construction,,,
,Les Allées de Californie : découvrez notre résidence fermée au quartier Californie.,Les Allées de Californie , Finalisé, Haut standing, Californie à Casablanca,1625000
,Résidence Tamouda 2 & 3,Groupe Al Omrane - Résidence Tamouda 2&3 , Finalisé, Économique, El Matar à Tétouan,250000
décembre 2022,Caprice Hivernage,Caprice Hivernage , En cours de construction, Haut standing, Hivernage à Marrakech,325500
mars 2022,Next House Casa Anfa / Lancement 2eme Tranche,Al Akaria Next House Casa Anfa , En cours de construction, Haut standing, Casablanca Finance City à Casablanca,1789000
octobre 2021,Villa de 300 m2 Malabata - Sans Finition,Acharq Al Awsat , Finalisé, Haut standing, Malabata à Tanger,1950000
,Commerces Riad Taddart,Konouz Immobilier , Finalisé, Économique, Taddart Anza à Agadir,
,Résidence Tamanart,Konouz Immobilier , Finalisé, Moyen standing, Hay Salam à Agadir,431000
,Argan Golf Resort - Terrains,Argan Golf Resort , Finalisé, Haut standing, Route de l'Ourika à Marrakech,1100000
décembre 2022,Caprice Tower,Caprice Immobilier / Caprice Tower  , En cours de construction,, Guéliz à Marrakech,350000
septembre 2022,Résidence Touahri 13,Groupe Touahri - Résidence Touahri 13 , En cours de construction, Moyen standing, Sidi Hajji à Salé,731000
,,Konouz Immobilier , En cours de construction,,,152000
,Villas de la Colline II (CGT),CGI  , En cours de construction, Haut standing, Bouskoura,4200000
,Complexe Résidentiel Ibn Khaldoun,Groupe Al Omrane - Ibn Khaldoun Appartement , Finalisé, Moyen standing, Route Nationale Assilah (N1) à Tanger,651200
,Fès City Center,Fès City Center , Finalisé, Haut standing, Fes City Center à Fès,790000
juin 2022,Coral Towers,Coral Towers , En cours de construction, Haut standing, Bella Vista à Tanger,
juillet 2023,Palm Zenata ,EMC IMMOBILIER -  Palm Garden , En cours de construction, Haut standing, Zenata,
,Les Allées de Californie lance sa 2ème tranche !,Les Allées de Californie , En cours de construction, Haut standing, Californie à Casablanca,1070000
,Tigumi Lkhir - Dar lkhir,DAR SUD DEVELOPPEMENT , En cours de construction, Moyen standing, Ait Melloul,450000
,Shems Tit Mellil,Shems Tit Mellil , Finalisé, Économique, Tit Mellil,660000
,Résidence El Yassamine,Groupe Ikamati - Projet Al Yassamine , Finalisé, Moyen standing, Bernoussi à Casablanca,500000
,Résidence Bahja : rapport qualité-prix unique à Tanger,Transnatio-Inter , En cours de construction, Moyen standing, Tanja Balia à Tanger,397300
,,Association AL AMAL , Finalisé,,,
,,Konouz Immobilier , En cours de construction,,,
,Al Massira ,CGI  , Finalisé, Moyen standing, Fnideq,330000
,ANFAL II,Coopérative WIFAQ ASMIR , En cours de construction, Haut standing, Harhoura,2245950
,Evasion Bouznika,Evasion Immo , Finalisé, Haut standing, Plage Oued Cherrat à Bouznika,1850000
,Vert Marine - Triplex,Saham Immobilier - Vert Marine , Finalisé, Haut standing, Dar Bouazza,3980000
,Eden Island Appartements,Eden Island , Finalisé, Haut standing, Plage Oued Cherrat à Bouznika,1541000
,Résidence  Assalam,Konouz Immobilier , En cours de construction, Économique, Al fath à Skhirat,250000
,,Konouz Immobilier , En cours de construction,,,
,Les Allées de Californie : découvrez notre résidence fermée au quartier Californie.,Les Allées de Californie , Finalisé, Haut standing, Californie à Casablanca,1625000
,Résidence Tamouda 2 & 3,Groupe Al Omrane - Résidence Tamouda 2&3 , Finalisé, Économique, El Matar à Tétouan,250000
décembre 2022,Caprice Hivernage,Caprice Hivernage , En cours de construction, Haut standing, Hivernage à Marrakech,325500
mars 2022,Next House Casa Anfa / Lancement 2eme Tranche,Al Akaria Next House Casa Anfa , En cours de construction, Haut standing, Casablanca Finance City à Casablanca,1789000
octobre 2021,Villa de 300 m2 Malabata - Sans Finition,Acharq Al Awsat , Finalisé, Haut standing, Malabata à Tanger,1950000
,Commerces Riad Taddart,Konouz Immobilier , Finalisé, Économique, Taddart Anza à Agadir,
,Résidence Tamanart,Konouz Immobilier , Finalisé, Moyen standing, Hay Salam à Agadir,431000
,Argan Golf Resort - Terrains,Argan Golf Resort , Finalisé, Haut standing, Route de l'Ourika à Marrakech,1100000
décembre 2022,Caprice Tower,Caprice Immobilier / Caprice Tower  , En cours de construction,, Guéliz à Marrakech,350000
septembre 2022,Résidence Touahri 13,Groupe Touahri - Résidence Touahri 13 , En cours de construction, Moyen standing, Sidi Hajji à Salé,731000
,,Konouz Immobilier , En cours de construction,,,152000
,Villas de la Colline II (CGT),CGI  , En cours de construction, Haut standing, Bouskoura,4200000
,Complexe Résidentiel Ibn Khaldoun,Groupe Al Omrane - Ibn Khaldoun Appartement , Finalisé, Moyen standing, Route Nationale Assilah (N1) à Tanger,651200
,Fès City Center,Fès City Center , Finalisé, Haut standing, Fes City Center à Fès,790000
juin 2022,Coral Towers,Coral Towers , En cours de construction, Haut standing, Bella Vista à Tanger,
juillet 2023,Palm Zenata ,EMC IMMOBILIER -  Palm Garden , En cours de construction, Haut standing, Zenata,
,Les Allées de Californie lance sa 2ème tranche !,Les Allées de Californie , En cours de construction, Haut standing, Californie à Casablanca,1070000
,Tigumi Lkhir - Dar lkhir,DAR SUD DEVELOPPEMENT , En cours de construction, Moyen standing, Ait Melloul,450000
,Shems Tit Mellil,Shems Tit Mellil , Finalisé, Économique, Tit Mellil,660000
,Résidence El Yassamine,Groupe Ikamati - Projet Al Yassamine , Finalisé, Moyen standing, Bernoussi à Casablanca,500000
,Résidence Bahja : rapport qualité-prix unique à Tanger,Transnatio-Inter , En cours de construction, Moyen standing, Tanja Balia à Tanger,397300
,,Association AL AMAL , Finalisé,,,
,,Konouz Immobilier , En cours de construction,,,
,Al Massira ,CGI  , Finalisé, Moyen standing, Fnideq,330000
,ANFAL II,Coopérative WIFAQ ASMIR , En cours de construction, Haut standing, Harhoura,2245950
,Evasion Bouznika,Evasion Immo , Finalisé, Haut standing, Plage Oued Cherrat à Bouznika,1850000
,Vert Marine - Triplex,Saham Immobilier - Vert Marine , Finalisé, Haut standing, Dar Bouazza,3980000
,Eden Island Appartements,Eden Island , Finalisé, Haut standing, Plage Oued Cherrat à Bouznika,1541000
,Résidence  Assalam,Konouz Immobilier , En cours de construction, Économique, Al fath à Skhirat,250000
,,Konouz Immobilier , En cours de construction,,,
,Les Allées de Californie : découvrez notre résidence fermée au quartier Californie.,Les Allées de Californie , Finalisé, Haut standing, Californie à Casablanca,1625000
,Résidence Tamouda 2 & 3,Groupe Al Omrane - Résidence Tamouda 2&3 , Finalisé, Économique, El Matar à Tétouan,250000
décembre 2022,Caprice Hivernage,Caprice Hivernage , En cours de construction, Haut standing, Hivernage à Marrakech,325500
mars 2022,Next House Casa Anfa / Lancement 2eme Tranche,Al Akaria Next House Casa Anfa , En cours de construction, Haut standing, Casablanca Finance City à Casablanca,1789000
octobre 2021,Villa de 300 m2 Malabata - Sans Finition,Acharq Al Awsat , Finalisé, Haut standing, Malabata à Tanger,1950000
,Commerces Riad Taddart,Konouz Immobilier , Finalisé, Économique, Taddart Anza à Agadir,
,Résidence Tamanart,Konouz Immobilier , Finalisé, Moyen standing, Hay Salam à Agadir,431000
,Argan Golf Resort - Terrains,Argan Golf Resort , Finalisé, Haut standing, Route de l'Ourika à Marrakech,1100000
décembre 2022,Caprice Tower,Caprice Immobilier / Caprice Tower  , En cours de construction,, Guéliz à Marrakech,350000
septembre 2022,Résidence Touahri 13,Groupe Touahri - Résidence Touahri 13 , En cours de construction, Moyen standing, Sidi Hajji à Salé,731000
,,Konouz Immobilier , En cours de construction,,,152000
,Villas de la Colline II (CGT),CGI  , En cours de construction, Haut standing, Bouskoura,4200000
,Complexe Résidentiel Ibn Khaldoun,Groupe Al Omrane - Ibn Khaldoun Appartement , Finalisé, Moyen standing, Route Nationale Assilah (N1) à Tanger,651200
,Fès City Center,Fès City Center , Finalisé, Haut standing, Fes City Center à Fès,790000
juin 2022,Coral Towers,Coral Towers , En cours de construction, Haut standing, Bella Vista à Tanger,
juillet 2023,Palm Zenata ,EMC IMMOBILIER -  Palm Garden , En cours de construction, Haut standing, Zenata,
,Les Allées de Californie lance sa 2ème tranche !,Les Allées de Californie , En cours de construction, Haut standing, Californie à Casablanca,1070000
,Tigumi Lkhir - Dar lkhir,DAR SUD DEVELOPPEMENT , En cours de construction, Moyen standing, Ait Melloul,450000
,Shems Tit Mellil,Shems Tit Mellil , Finalisé, Économique, Tit Mellil,660000
,Résidence El Yassamine,Groupe Ikamati - Projet Al Yassamine , Finalisé, Moyen standing, Bernoussi à Casablanca,500000
,Résidence Bahja : rapport qualité-prix unique à Tanger,Transnatio-Inter , En cours de construction, Moyen standing, Tanja Balia à Tanger,397300
,,Association AL AMAL , Finalisé,,,
,,Konouz Immobilier , En cours de construction,,,
,Al Massira ,CGI  , Finalisé, Moyen standing, Fnideq,330000
,ANFAL II,Coopérative WIFAQ ASMIR , En cours de construction, Haut standing, Harhoura,2245950
,Evasion Bouznika,Evasion Immo , Finalisé, Haut standing, Plage Oued Cherrat à Bouznika,1850000
,Vert Marine - Triplex,Saham Immobilier - Vert Marine , Finalisé, Haut standing, Dar Bouazza,3980000
,Eden Island Appartements,Eden Island , Finalisé, Haut standing, Plage Oued Cherrat à Bouznika,1541000
,Résidence  Assalam,Konouz Immobilier , En cours de construction, Économique, Al fath à Skhirat,250000
,,Konouz Immobilier , En cours de construction,,,
,Les Allées de Californie : découvrez notre résidence fermée au quartier Californie.,Les Allées de Californie , Finalisé, Haut standing, Californie à Casablanca,1625000
,Résidence Tamouda 2 & 3,Groupe Al Omrane - Résidence Tamouda 2&3 , Finalisé, Économique, El Matar à Tétouan,250000
décembre 2022,Caprice Hivernage,Caprice Hivernage , En cours de construction, Haut standing, Hivernage à Marrakech,325500
mars 2022,Next House Casa Anfa / Lancement 2eme Tranche,Al Akaria Next House Casa Anfa , En cours de construction, Haut standing, Casablanca Finance City à Casablanca,1789000
octobre 2021,Villa de 300 m2 Malabata - Sans Finition,Acharq Al Awsat , Finalisé, Haut standing, Malabata à Tanger,1950000
,Commerces Riad Taddart,Konouz Immobilier , Finalisé, Économique, Taddart Anza à Agadir,
,Résidence Tamanart,Konouz Immobilier , Finalisé, Moyen standing, Hay Salam à Agadir,431000
,Argan Golf Resort - Terrains,Argan Golf Resort , Finalisé, Haut standing, Route de l'Ourika à Marrakech,1100000
décembre 2022,Caprice Tower,Caprice Immobilier / Caprice Tower  , En cours de construction,, Guéliz à Marrakech,350000
septembre 2022,Résidence Touahri 13,Groupe Touahri - Résidence Touahri 13 , En cours de construction, Moyen standing, Sidi Hajji à Salé,731000
,,Konouz Immobilier , En cours de construction,,,152000
,Villas de la Colline II (CGT),CGI  , En cours de construction, Haut standing, Bouskoura,4200000
,Complexe Résidentiel Ibn Khaldoun,Groupe Al Omrane - Ibn Khaldoun Appartement , Finalisé, Moyen standing, Route Nationale Assilah (N1) à Tanger,651200
,Fès City Center,Fès City Center , Finalisé, Haut standing, Fes City Center à Fès,790000
juin 2022,Coral Towers,Coral Towers , En cours de construction, Haut standing, Bella Vista à Tanger,
juillet 2023,Palm Zenata ,EMC IMMOBILIER -  Palm Garden , En cours de construction, Haut standing, Zenata,
,Les Allées de Californie lance sa 2ème tranche !,Les Allées de Californie , En cours de construction, Haut standing, Californie à Casablanca,1070000
,Tigumi Lkhir - Dar lkhir,DAR SUD DEVELOPPEMENT , En cours de construction, Moyen standing, Ait Melloul,450000
,Shems Tit Mellil,Shems Tit Mellil , Finalisé, Économique, Tit Mellil,660000
,Résidence El Yassamine,Groupe Ikamati - Projet Al Yassamine , Finalisé, Moyen standing, Bernoussi à Casablanca,500000
,Résidence Bahja : rapport qualité-prix unique à Tanger,Transnatio-Inter , En cours de construction, Moyen standing, Tanja Balia à Tanger,397300
,,Association AL AMAL , Finalisé,,,
,,Konouz Immobilier , En cours de construction,,,
,Al Massira ,CGI  , Finalisé, Moyen standing, Fnideq,330000
,ANFAL II,Coopérative WIFAQ ASMIR , En cours de construction, Haut standing, Harhoura,2245950
,Evasion Bouznika,Evasion Immo , Finalisé, Haut standing, Plage Oued Cherrat à Bouznika,1850000
,Vert Marine - Triplex,Saham Immobilier - Vert Marine , Finalisé, Haut standing, Dar Bouazza,3980000
,Eden Island Appartements,Eden Island , Finalisé, Haut standing, Plage Oued Cherrat à Bouznika,1541000
,Résidence  Assalam,Konouz Immobilier , En cours de construction, Économique, Al fath à Skhirat,250000
,,Konouz Immobilier , En cours de construction,,,
,Les Allées de Californie : découvrez notre résidence fermée au quartier Californie.,Les Allées de Californie , Finalisé, Haut standing, Californie à Casablanca,1625000
,Résidence Tamouda 2 & 3,Groupe Al Omrane - Résidence Tamouda 2&3 , Finalisé, Économique, El Matar à Tétouan,250000
décembre 2022,Caprice Hivernage,Caprice Hivernage , En cours de construction, Haut standing, Hivernage à Marrakech,325500
mars 2022,Next House Casa Anfa / Lancement 2eme Tranche,Al Akaria Next House Casa Anfa , En cours de construction, Haut standing, Casablanca Finance City à Casablanca,1789000
octobre 2021,Villa de 300 m2 Malabata - Sans Finition,Acharq Al Awsat , Finalisé, Haut standing, Malabata à Tanger,1950000
,Commerces Riad Taddart,Konouz Immobilier , Finalisé, Économique, Taddart Anza à Agadir,
,Résidence Tamanart,Konouz Immobilier , Finalisé, Moyen standing, Hay Salam à Agadir,431000
,Argan Golf Resort - Terrains,Argan Golf Resort , Finalisé, Haut standing, Route de l'Ourika à Marrakech,1100000
décembre 2022,Caprice Tower,Caprice Immobilier / Caprice Tower  , En cours de construction,, Guéliz à Marrakech,350000
septembre 2022,Résidence Touahri 13,Groupe Touahri - Résidence Touahri 13 , En cours de construction, Moyen standing, Sidi Hajji à Salé,731000
,,Konouz Immobilier , En cours de construction,,,152000
,Villas de la Colline II (CGT),CGI  , En cours de construction, Haut standing, Bouskoura,4200000
,Complexe Résidentiel Ibn Khaldoun,Groupe Al Omrane - Ibn Khaldoun Appartement , Finalisé, Moyen standing, Route Nationale Assilah (N1) à Tanger,651200
,Fès City Center,Fès City Center , Finalisé, Haut standing, Fes City Center à Fès,790000
juin 2022,Coral Towers,Coral Towers , En cours de construction, Haut standing, Bella Vista à Tanger,
juillet 2023,Palm Zenata ,EMC IMMOBILIER -  Palm Garden , En cours de construction, Haut standing, Zenata,
,Les Allées de Californie lance sa 2ème tranche !,Les Allées de Californie , En cours de construction, Haut standing, Californie à Casablanca,1070000
,Tigumi Lkhir - Dar lkhir,DAR SUD DEVELOPPEMENT , En cours de construction, Moyen standing, Ait Melloul,450000
,Shems Tit Mellil,Shems Tit Mellil , Finalisé, Économique, Tit Mellil,660000
,Résidence El Yassamine,Groupe Ikamati - Projet Al Yassamine , Finalisé, Moyen standing, Bernoussi à Casablanca,500000
,Résidence Bahja : rapport qualité-prix unique à Tanger,Transnatio-Inter , En cours de construction, Moyen standing, Tanja Balia à Tanger,397300
,,Association AL AMAL , Finalisé,,,
,,Konouz Immobilier , En cours de construction,,,
,Al Massira ,CGI  , Finalisé, Moyen standing, Fnideq,330000
,ANFAL II,Coopérative WIFAQ ASMIR , En cours de construction, Haut standing, Harhoura,2245950
,Evasion Bouznika,Evasion Immo , Finalisé, Haut standing, Plage Oued Cherrat à Bouznika,1850000
,Vert Marine - Triplex,Saham Immobilier - Vert Marine , Finalisé, Haut standing, Dar Bouazza,3980000
,Eden Island Appartements,Eden Island , Finalisé, Haut standing, Plage Oued Cherrat à Bouznika,1541000
,Résidence  Assalam,Konouz Immobilier , En cours de construction, Économique, Al fath à Skhirat,250000
,,Konouz Immobilier , En cours de construction,,,
,Les Allées de Californie : découvrez notre résidence fermée au quartier Californie.,Les Allées de Californie , Finalisé, Haut standing, Californie à Casablanca,1625000
,Résidence Tamouda 2 & 3,Groupe Al Omrane - Résidence Tamouda 2&3 , Finalisé, Économique, El Matar à Tétouan,250000
décembre 2022,Caprice Hivernage,Caprice Hivernage , En cours de construction, Haut standing, Hivernage à Marrakech,325500
mars 2022,Next House Casa Anfa / Lancement 2eme Tranche,Al Akaria Next House Casa Anfa , En cours de construction, Haut standing, Casablanca Finance City à Casablanca,1789000
octobre 2021,Villa de 300 m2 Malabata - Sans Finition,Acharq Al Awsat , Finalisé, Haut standing, Malabata à Tanger,1950000
,Commerces Riad Taddart,Konouz Immobilier , Finalisé, Économique, Taddart Anza à Agadir,
,Résidence Tamanart,Konouz Immobilier , Finalisé, Moyen standing, Hay Salam à Agadir,431000
,Argan Golf Resort - Terrains,Argan Golf Resort , Finalisé, Haut standing, Route de l'Ourika à Marrakech,1100000
décembre 2022,Caprice Tower,Caprice Immobilier / Caprice Tower  , En cours de construction,, Guéliz à Marrakech,350000
septembre 2022,Résidence Touahri 13,Groupe Touahri - Résidence Touahri 13 , En cours de construction, Moyen standing, Sidi Hajji à Salé,731000
,,Konouz Immobilier , En cours de construction,,,152000
,Villas de la Colline II (CGT),CGI  , En cours de construction, Haut standing, Bouskoura,4200000
,Complexe Résidentiel Ibn Khaldoun,Groupe Al Omrane - Ibn Khaldoun Appartement , Finalisé, Moyen standing, Route Nationale Assilah (N1) à Tanger,651200
,Fès City Center,Fès City Center , Finalisé, Haut standing, Fes City Center à Fès,790000
juin 2022,Coral Towers,Coral Towers , En cours de construction, Haut standing, Bella Vista à Tanger,
juillet 2023,Palm Zenata ,EMC IMMOBILIER -  Palm Garden , En cours de construction, Haut standing, Zenata,
,Les Allées de Californie lance sa 2ème tranche !,Les Allées de Californie , En cours de construction, Haut standing, Californie à Casablanca,1070000
,Tigumi Lkhir - Dar lkhir,DAR SUD DEVELOPPEMENT , En cours de construction, Moyen standing, Ait Melloul,450000
,Shems Tit Mellil,Shems Tit Mellil , Finalisé, Économique, Tit Mellil,660000
,Résidence El Yassamine,Groupe Ikamati - Projet Al Yassamine , Finalisé, Moyen standing, Bernoussi à Casablanca,500000
,Résidence Bahja : rapport qualité-prix unique à Tanger,Transnatio-Inter , En cours de construction, Moyen standing, Tanja Balia à Tanger,397300
,,Association AL AMAL , Finalisé,,,
,,Konouz Immobilier , En cours de construction,,,
,Al Massira ,CGI  , Finalisé, Moyen standing, Fnideq,330000
,ANFAL II,Coopérative WIFAQ ASMIR , En cours de construction, Haut standing, Harhoura,2245950
,Evasion Bouznika,Evasion Immo , Finalisé, Haut standing, Plage Oued Cherrat à Bouznika,1850000
,Vert Marine - Triplex,Saham Immobilier - Vert Marine , Finalisé, Haut standing, Dar Bouazza,3980000
,Eden Island Appartements,Eden Island , Finalisé, Haut standing, Plage Oued Cherrat à Bouznika,1541000
,Résidence  Assalam,Konouz Immobilier , En cours de construction, Économique, Al fath à Skhirat,250000
,,Konouz Immobilier , En cours de construction,,,
,Les Allées de Californie : découvrez notre résidence fermée au quartier Californie.,Les Allées de Californie , Finalisé, Haut standing, Californie à Casablanca,1625000