,Delivery,ResName,anouncer,construction,location,price,standing
0,,Shems Tit Mellil,Shems Tit Mellil , Finalisé, Tit Mellil,660 000, Économique
1,janvier 2022,Luxury Developement,Luxury developpement  , En cours de construction, Guéliz à Marrakech,600 000, Moyen standing
2,,ANFAL II,Coopérative WIFAQ ASMIR , En cours de construction, Harhoura,2 245 950, Haut standing
3,février 2021,Park Résidence,AL WAKRA pour l'investissement , En cours de construction, Haut Agdal à Rabat,, Haut standing
4,décembre 2022,Domaine Tagana - Lots de Terrains,DOMAINE TAGANA , En cours de construction, Route de Tahanaout à Marrakech,620 000,
5,,Lotissement Jnane Boujarrah - Avenue Mokhtar Soussi,Lotissement Jnane Boujarrah-Groupe Rebahi , Finalisé, Touilaa Foqia à Tétouan,399 000, Moyen standing
6,,,Groupe Allali - Fdala Business Center , Finalisé,,978 500,
7,janvier 2022,Green Walks,MASTER SAKANE , En cours de construction, Aïn Sebaâ à Casablanca,, Haut standing
8,,La perle de Hay Chmaou,Promoteur El Allali , En cours de construction, Hay Chmaou à Salé,900 000, Haut standing
9,,Résidence les cinq pavillons,Groupe Immobilier Rebahi - Les cinq pavillons , En cours de construction, Wilaya à Tétouan,, Haut standing
10,,Targa Place,TARGA PLACE , En cours de construction, Hay Targa à Marrakech,, Haut standing
11,,Résidence Rivera Palace,Taoui Développement - Rivera Palace , Finalisé, Oasis à Casablanca,1 225 000, Haut standing
12,,Marina Casablanca ,CGI  , Finalisé, Casablanca Marina à Casablanca,, Haut standing
13,août 2022,Résidence Bel Air,Benamour construction  , En cours de construction, La Ville Haute à Kénitra,760 000, Haut standing
14,décembre 2021,Rosa Parc Magasins,Groupe Allali - Magasins Rosa Parc , En cours de construction, Centre Ville à Mohammedia,720 000, Haut standing
15,,Les Perles Ain Sebaâ,Projet immobilier , Finalisé, Aïn Sebaâ à Casablanca,880 000, Moyen standing
16,,Complexe résidentiel Ibn Khaldoun - Magasins,Groupe Al Omrane - Ibn Khaldoune Magasins , Finalisé, Route Nationale Assilah (N1) à Tanger,391 000, Moyen standing
17,,Mirador Golf II,Groupe immobilier REBAHI - Mirador Golf II , Finalisé, Cabo Negro,693 000, Haut standing
18,,Rabat Square,Rabat Square , En cours de construction, Souissi à Rabat,2 300 000, Haut standing
19,,Famille D'amour,A.T.PROMO , Finalisé, Bourgogne Ouest à Casablanca,, Haut standing
20,,Ryad Al Andalous,Ryad Al Andalous , Finalisé, Riyad à Rabat,1 390 000, Haut standing
21,,Argan Golf Resort - Villas,Argan Golf Resort , Finalisé, Route de l'Ourika à Marrakech,5 700 000, Haut standing
22,décembre 2020,Résidence Borj Deyae,Groupe Sbai Frères , Finalisé, Tanger City Center à Tanger,680 000, Haut standing
23,,Ahl Loghlam- Lots de terrain,Shems Al Madina-Tit Melil , Finalisé, Ahl Loghlam (Hay Assalam) à Casablanca,, Haut standing
24,,Vert Marine - Triplex,Saham Immobilier - Vert Marine , Finalisé, Dar Bouazza,3 980 000, Haut standing
25,décembre 2022,Résidence Mabrouk III ,Acharq Al Awsat , En cours de construction, Malabata à Tanger,1 080 000, Haut standing
26,,Résidence Les Lauriers,Groupe Al Omrane - Résidence Les Lauriers , En cours de construction, Charf à Tanger,140 000, Économique
27,,,Konouz Immobilier , En cours de construction,,,
28,,"Résidence Les Palmiers, vos studios et appartements entre calme et proximité au quartier l'Oasis ",Empire Immobilier - Résidence Les Palmiers , Finalisé, Oasis à Casablanca,1 230 000, Haut standing
29,,Résidence Rayhane II,Groupe Sbai frères , Finalisé, Centre à Tanger,950 000, Haut standing
30,,Shems Tit Mellil,Shems Tit Mellil , Finalisé, Tit Mellil,660 000, Économique
31,janvier 2022,Luxury Developement,Luxury developpement  , En cours de construction, Guéliz à Marrakech,600 000, Moyen standing
32,,ANFAL II,Coopérative WIFAQ ASMIR , En cours de construction, Harhoura,2 245 950, Haut standing
33,février 2021,Park Résidence,AL WAKRA pour l'investissement , En cours de construction, Haut Agdal à Rabat,, Haut standing
34,décembre 2022,Domaine Tagana - Lots de Terrains,DOMAINE TAGANA , En cours de construction, Route de Tahanaout à Marrakech,620 000,
35,,Lotissement Jnane Boujarrah - Avenue Mokhtar Soussi,Lotissement Jnane Boujarrah-Groupe Rebahi , Finalisé, Touilaa Foqia à Tétouan,399 000, Moyen standing
36,,,Groupe Allali - Fdala Business Center , Finalisé,,978 500,
37,janvier 2022,Green Walks,MASTER SAKANE , En cours de construction, Aïn Sebaâ à Casablanca,, Haut standing
38,,La perle de Hay Chmaou,Promoteur El Allali , En cours de construction, Hay Chmaou à Salé,900 000, Haut standing
39,,Résidence les cinq pavillons,Groupe Immobilier Rebahi - Les cinq pavillons , En cours de construction, Wilaya à Tétouan,, Haut standing
40,,Targa Place,TARGA PLACE , En cours de construction, Hay Targa à Marrakech,, Haut standing
41,,Résidence Rivera Palace,Taoui Développement - Rivera Palace , Finalisé, Oasis à Casablanca,1 225 000, Haut standing
42,,Marina Casablanca ,CGI  , Finalisé, Casablanca Marina à Casablanca,, Haut standing
43,août 2022,Résidence Bel Air,Benamour construction  , En cours de construction, La Ville Haute à Kénitra,760 000, Haut standing
44,décembre 2021,Rosa Parc Magasins,Groupe Allali - Magasins Rosa Parc , En cours de construction, Centre Ville à Mohammedia,720 000, Haut standing
45,,Les Perles Ain Sebaâ,Projet immobilier , Finalisé, Aïn Sebaâ à Casablanca,880 000, Moyen standing
46,,Complexe résidentiel Ibn Khaldoun - Magasins,Groupe Al Omrane - Ibn Khaldoune Magasins , Finalisé, Route Nationale Assilah (N1) à Tanger,391 000, Moyen standing
47,,Mirador Golf II,Groupe immobilier REBAHI - Mirador Golf II , Finalisé, Cabo Negro,693 000, Haut standing
48,,Rabat Square,Rabat Square , En cours de construction, Souissi à Rabat,2 300 000, Haut standing
49,,Famille D'amour,A.T.PROMO , Finalisé, Bourgogne Ouest à Casablanca,, Haut standing
50,,Ryad Al Andalous,Ryad Al Andalous , Finalisé, Riyad à Rabat,1 390 000, Haut standing
51,,Argan Golf Resort - Villas,Argan Golf Resort , Finalisé, Route de l'Ourika à Marrakech,5 700 000, Haut standing
52,décembre 2020,Résidence Borj Deyae,Groupe Sbai Frères , Finalisé, Tanger City Center à Tanger,680 000, Haut standing
53,,Ahl Loghlam- Lots de terrain,Shems Al Madina-Tit Melil , Finalisé, Ahl Loghlam (Hay Assalam) à Casablanca,, Haut standing
54,,Vert Marine - Triplex,Saham Immobilier - Vert Marine , Finalisé, Dar Bouazza,3 980 000, Haut standing
55,décembre 2022,Résidence Mabrouk III ,Acharq Al Awsat , En cours de construction, Malabata à Tanger,1 080 000, Haut standing
56,,Résidence Les Lauriers,Groupe Al Omrane - Résidence Les Lauriers , En cours de construction, Charf à Tanger,140 000, Économique
57,,,Konouz Immobilier , En cours de construction,,,
58,,"Résidence Les Palmiers, vos studios et appartements entre calme et proximité au quartier l'Oasis ",Empire Immobilier - Résidence Les Palmiers , Finalisé, Oasis à Casablanca,1 230 000, Haut standing
59,,Résidence Rayhane II,Groupe Sbai frères , Finalisé, Centre à Tanger,950 000, Haut standing
60,,Shems Tit Mellil,Shems Tit Mellil , Finalisé, Tit Mellil,660 000, Économique
61,janvier 2022,Luxury Developement,Luxury developpement  , En cours de construction, Guéliz à Marrakech,600 000, Moyen standing
62,,ANFAL II,Coopérative WIFAQ ASMIR , En cours de construction, Harhoura,2 245 950, Haut standing
63,février 2021,Park Résidence,AL WAKRA pour l'investissement , En cours de construction, Haut Agdal à Rabat,, Haut standing
64,décembre 2022,Domaine Tagana - Lots de Terrains,DOMAINE TAGANA , En cours de construction, Route de Tahanaout à Marrakech,620 000,
65,,Lotissement Jnane Boujarrah - Avenue Mokhtar Soussi,Lotissement Jnane Boujarrah-Groupe Rebahi , Finalisé, Touilaa Foqia à Tétouan,399 000, Moyen standing
66,,,Groupe Allali - Fdala Business Center , Finalisé,,978 500,
67,janvier 2022,Green Walks,MASTER SAKANE , En cours de construction, Aïn Sebaâ à Casablanca,, Haut standing
68,,La perle de Hay Chmaou,Promoteur El Allali , En cours de construction, Hay Chmaou à Salé,900 000, Haut standing
69,,Résidence les cinq pavillons,Groupe Immobilier Rebahi - Les cinq pavillons , En cours de construction, Wilaya à Tétouan,, Haut standing
70,,Targa Place,TARGA PLACE , En cours de construction, Hay Targa à Marrakech,, Haut standing
71,,Résidence Rivera Palace,Taoui Développement - Rivera Palace , Finalisé, Oasis à Casablanca,1 225 000, Haut standing
72,,Marina Casablanca ,CGI  , Finalisé, Casablanca Marina à Casablanca,, Haut standing
73,août 2022,Résidence Bel Air,Benamour construction  , En cours de construction, La Ville Haute à Kénitra,760 000, Haut standing
74,décembre 2021,Rosa Parc Magasins,Groupe Allali - Magasins Rosa Parc , En cours de construction, Centre Ville à Mohammedia,720 000, Haut standing
75,,Les Perles Ain Sebaâ,Projet immobilier , Finalisé, Aïn Sebaâ à Casablanca,880 000, Moyen standing
76,,Complexe résidentiel Ibn Khaldoun - Magasins,Groupe Al Omrane - Ibn Khaldoune Magasins , Finalisé, Route Nationale Assilah (N1) à Tanger,391 000, Moyen standing
77,,Mirador Golf II,Groupe immobilier REBAHI - Mirador Golf II , Finalisé, Cabo Negro,693 000, Haut standing
78,,Rabat Square,Rabat Square , En cours de construction, Souissi à Rabat,2 300 000, Haut standing
79,,Famille D'amour,A.T.PROMO , Finalisé, Bourgogne Ouest à Casablanca,, Haut standing
80,,Ryad Al Andalous,Ryad Al Andalous , Finalisé, Riyad à Rabat,1 390 000, Haut standing
81,,Argan Golf Resort - Villas,Argan Golf Resort , Finalisé, Route de l'Ourika à Marrakech,5 700 000, Haut standing
82,décembre 2020,Résidence Borj Deyae,Groupe Sbai Frères , Finalisé, Tanger City Center à Tanger,680 000, Haut standing
83,,Ahl Loghlam- Lots de terrain,Shems Al Madina-Tit Melil , Finalisé, Ahl Loghlam (Hay Assalam) à Casablanca,, Haut standing
84,,Vert Marine - Triplex,Saham Immobilier - Vert Marine , Finalisé, Dar Bouazza,3 980 000, Haut standing
85,décembre 2022,Résidence Mabrouk III ,Acharq Al Awsat , En cours de construction, Malabata à Tanger,1 080 000, Haut standing
86,,Résidence Les Lauriers,Groupe Al Omrane - Résidence Les Lauriers , En cours de construction, Charf à Tanger,140 000, Économique
87,,,Konouz Immobilier , En cours de construction,,,
88,,"Résidence Les Palmiers, vos studios et appartements entre calme et proximité au quartier l'Oasis ",Empire Immobilier - Résidence Les Palmiers , Finalisé, Oasis à Casablanca,1 230 000, Haut standing
89,,Résidence Rayhane II,Groupe Sbai frères , Finalisé, Centre à Tanger,950 000, Haut standing
90,,Shems Tit Mellil,Shems Tit Mellil , Finalisé, Tit Mellil,660 000, Économique
91,janvier 2022,Luxury Developement,Luxury developpement  , En cours de construction, Guéliz à Marrakech,600 000, Moyen standing
92,,ANFAL II,Coopérative WIFAQ ASMIR , En cours de construction, Harhoura,2 245 950, Haut standing
93,février 2021,Park Résidence,AL WAKRA pour l'investissement , En cours de construction, Haut Agdal à Rabat,, Haut standing
94,décembre 2022,Domaine Tagana - Lots de Terrains,DOMAINE TAGANA , En cours de construction, Route de Tahanaout à Marrakech,620 000,
95,,Lotissement Jnane Boujarrah - Avenue Mokhtar Soussi,Lotissement Jnane Boujarrah-Groupe Rebahi , Finalisé, Touilaa Foqia à Tétouan,399 000, Moyen standing
96,,,Groupe Allali - Fdala Business Center , Finalisé,,978 500,
97,janvier 2022,Green Walks,MASTER SAKANE , En cours de construction, Aïn Sebaâ à Casablanca,, Haut standing
98,,La perle de Hay Chmaou,Promoteur El Allali , En cours de construction, Hay Chmaou à Salé,900 000, Haut standing
99,,Résidence les cinq pavillons,Groupe Immobilier Rebahi - Les cinq pavillons , En cours de construction, Wilaya à Tétouan,, Haut standing
100,,Targa Place,TARGA PLACE , En cours de construction, Hay Targa à Marrakech,, Haut standing
101,,Résidence Rivera Palace,Taoui Développement - Rivera Palace , Finalisé, Oasis à Casablanca,1 225 000, Haut standing
102,,Marina Casablanca ,CGI  , Finalisé, Casablanca Marina à Casablanca,, Haut standing
103,août 2022,Résidence Bel Air,Benamour construction  , En cours de construction, La Ville Haute à Kénitra,760 000, Haut standing
104,décembre 2021,Rosa Parc Magasins,Groupe Allali - Magasins Rosa Parc , En cours de construction, Centre Ville à Mohammedia,720 000, Haut standing
105,,Les Perles Ain Sebaâ,Projet immobilier , Finalisé, Aïn Sebaâ à Casablanca,880 000, Moyen standing
106,,Complexe résidentiel Ibn Khaldoun - Magasins,Groupe Al Omrane - Ibn Khaldoune Magasins , Finalisé, Route Nationale Assilah (N1) à Tanger,391 000, Moyen standing
107,,Mirador Golf II,Groupe immobilier REBAHI - Mirador Golf II , Finalisé, Cabo Negro,693 000, Haut standing
108,,Rabat Square,Rabat Square , En cours de construction, Souissi à Rabat,2 300 000, Haut standing
109,,Famille D'amour,A.T.PROMO , Finalisé, Bourgogne Ouest à Casablanca,, Haut standing
110,,Ryad Al Andalous,Ryad Al Andalous , Finalisé, Riyad à Rabat,1 390 000, Haut standing
111,,Argan Golf Resort - Villas,Argan Golf Resort , Finalisé, Route de l'Ourika à Marrakech,5 700 000, Haut standing
112,décembre 2020,Résidence Borj Deyae,Groupe Sbai Frères , Finalisé, Tanger City Center à Tanger,680 000, Haut standing
113,,Ahl Loghlam- Lots de terrain,Shems Al Madina-Tit Melil , Finalisé, Ahl Loghlam (Hay Assalam) à Casablanca,, Haut standing
114,,Vert Marine - Triplex,Saham Immobilier - Vert Marine , Finalisé, Dar Bouazza,3 980 000, Haut standing
115,décembre 2022,Résidence Mabrouk III ,Acharq Al Awsat , En cours de construction, Malabata à Tanger,1 080 000, Haut standing
116,,Résidence Les Lauriers,Groupe Al Omrane - Résidence Les Lauriers , En cours de construction, Charf à Tanger,140 000, Économique
117,,,Konouz Immobilier , En cours de construction,,,
118,,"Résidence Les Palmiers, vos studios et appartements entre calme et proximité au quartier l'Oasis ",Empire Immobilier - Résidence Les Palmiers , Finalisé, Oasis à Casablanca,1 230 000, Haut standing
119,,Résidence Rayhane II,Groupe Sbai frères , Finalisé, Centre à Tanger,950 000, Haut standing
120,,Shems Tit Mellil,Shems Tit Mellil , Finalisé, Tit Mellil,660 000, Économique
121,janvier 2022,Luxury Developement,Luxury developpement  , En cours de construction, Guéliz à Marrakech,600 000, Moyen standing
122,,ANFAL II,Coopérative WIFAQ ASMIR , En cours de construction, Harhoura,2 245 950, Haut standing
123,février 2021,Park Résidence,AL WAKRA pour l'investissement , En cours de construction, Haut Agdal à Rabat,, Haut standing
124,décembre 2022,Domaine Tagana - Lots de Terrains,DOMAINE TAGANA , En cours de construction, Route de Tahanaout à Marrakech,620 000,
125,,Lotissement Jnane Boujarrah - Avenue Mokhtar Soussi,Lotissement Jnane Boujarrah-Groupe Rebahi , Finalisé, Touilaa Foqia à Tétouan,399 000, Moyen standing
126,,,Groupe Allali - Fdala Business Center , Finalisé,,978 500,
127,janvier 2022,Green Walks,MASTER SAKANE , En cours de construction, Aïn Sebaâ à Casablanca,, Haut standing
128,,La perle de Hay Chmaou,Promoteur El Allali , En cours de construction, Hay Chmaou à Salé,900 000, Haut standing
129,,Résidence les cinq pavillons,Groupe Immobilier Rebahi - Les cinq pavillons , En cours de construction, Wilaya à Tétouan,, Haut standing
130,,Targa Place,TARGA PLACE , En cours de construction, Hay Targa à Marrakech,, Haut standing
131,,Résidence Rivera Palace,Taoui Développement - Rivera Palace , Finalisé, Oasis à Casablanca,1 225 000, Haut standing
132,,Marina Casablanca ,CGI  , Finalisé, Casablanca Marina à Casablanca,, Haut standing
133,août 2022,Résidence Bel Air,Benamour construction  , En cours de construction, La Ville Haute à Kénitra,760 000, Haut standing
134,décembre 2021,Rosa Parc Magasins,Groupe Allali - Magasins Rosa Parc , En cours de construction, Centre Ville à Mohammedia,720 000, Haut standing
135,,Les Perles Ain Sebaâ,Projet immobilier , Finalisé, Aïn Sebaâ à Casablanca,880 000, Moyen standing
136,,Complexe résidentiel Ibn Khaldoun - Magasins,Groupe Al Omrane - Ibn Khaldoune Magasins , Finalisé, Route Nationale Assilah (N1) à Tanger,391 000, Moyen standing
137,,Mirador Golf II,Groupe immobilier REBAHI - Mirador Golf II , Finalisé, Cabo Negro,693 000, Haut standing
138,,Rabat Square,Rabat Square , En cours de construction, Souissi à Rabat,2 300 000, Haut standing
139,,Famille D'amour,A.T.PROMO , Finalisé, Bourgogne Ouest à Casablanca,, Haut standing
140,,Ryad Al Andalous,Ryad Al Andalous , Finalisé, Riyad à Rabat,1 390 000, Haut standing
141,,Argan Golf Resort - Villas,Argan Golf Resort , Finalisé, Route de l'Ourika à Marrakech,5 700 000, Haut standing
142,décembre 2020,Résidence Borj Deyae,Groupe Sbai Frères , Finalisé, Tanger City Center à Tanger,680 000, Haut standing
143,,Ahl Loghlam- Lots de terrain,Shems Al Madina-Tit Melil , Finalisé, Ahl Loghlam (Hay Assalam) à Casablanca,, Haut standing
144,,Vert Marine - Triplex,Saham Immobilier - Vert Marine , Finalisé, Dar Bouazza,3 980 000, Haut standing
145,décembre 2022,Résidence Mabrouk III ,Acharq Al Awsat , En cours de construction, Malabata à Tanger,1 080 000, Haut standing
146,,Résidence Les Lauriers,Groupe Al Omrane - Résidence Les Lauriers , En cours de construction, Charf à Tanger,140 000, Économique
147,,,Konouz Immobilier , En cours de construction,,,
148,,"Résidence Les Palmiers, vos studios et appartements entre calme et proximité au quartier l'Oasis ",Empire Immobilier - Résidence Les Palmiers , Finalisé, Oasis à Casablanca,1 230 000, Haut standing
149,,Résidence Rayhane II,Groupe Sbai frères , Finalisé, Centre à Tanger,950 000, Haut standing
150,,Shems Tit Mellil,Shems Tit Mellil , Finalisé, Tit Mellil,660 000, Économique
151,janvier 2022,Luxury Developement,Luxury developpement  , En cours de construction, Guéliz à Marrakech,600 000, Moyen standing
152,,ANFAL II,Coopérative WIFAQ ASMIR , En cours de construction, Harhoura,2 245 950, Haut standing
153,février 2021,Park Résidence,AL WAKRA pour l'investissement , En cours de construction, Haut Agdal à Rabat,, Haut standing
154,décembre 2022,Domaine Tagana - Lots de Terrains,DOMAINE TAGANA , En cours de construction, Route de Tahanaout à Marrakech,620 000,
155,,Lotissement Jnane Boujarrah - Avenue Mokhtar Soussi,Lotissement Jnane Boujarrah-Groupe Rebahi , Finalisé, Touilaa Foqia à Tétouan,399 000, Moyen standing
156,,,Groupe Allali - Fdala Business Center , Finalisé,,978 500,
157,janvier 2022,Green Walks,MASTER SAKANE , En cours de construction, Aïn Sebaâ à Casablanca,, Haut standing
158,,La perle de Hay Chmaou,Promoteur El Allali , En cours de construction, Hay Chmaou à Salé,900 000, Haut standing
159,,Résidence les cinq pavillons,Groupe Immobilier Rebahi - Les cinq pavillons , En cours de construction, Wilaya à Tétouan,, Haut standing
160,,Targa Place,TARGA PLACE , En cours de construction, Hay Targa à Marrakech,, Haut standing
161,,Résidence Rivera Palace,Taoui Développement - Rivera Palace , Finalisé, Oasis à Casablanca,1 225 000, Haut standing
162,,Marina Casablanca ,CGI  , Finalisé, Casablanca Marina à Casablanca,, Haut standing
163,août 2022,Résidence Bel Air,Benamour construction  , En cours de construction, La Ville Haute à Kénitra,760 000, Haut standing
164,décembre 2021,Rosa Parc Magasins,Groupe Allali - Magasins Rosa Parc , En cours de construction, Centre Ville à Mohammedia,720 000, Haut standing
165,,Les Perles Ain Sebaâ,Projet immobilier , Finalisé, Aïn Sebaâ à Casablanca,880 000, Moyen standing
166,,Complexe résidentiel Ibn Khaldoun - Magasins,Groupe Al Omrane - Ibn Khaldoune Magasins , Finalisé, Route Nationale Assilah (N1) à Tanger,391 000, Moyen standing
167,,Mirador Golf II,Groupe immobilier REBAHI - Mirador Golf II , Finalisé, Cabo Negro,693 000, Haut standing
168,,Rabat Square,Rabat Square , En cours de construction, Souissi à Rabat,2 300 000, Haut standing
169,,Famille D'amour,A.T.PROMO , Finalisé, Bourgogne Ouest à Casablanca,, Haut standing
170,,Ryad Al Andalous,Ryad Al Andalous , Finalisé, Riyad à Rabat,1 390 000, Haut standing
171,,Argan Golf Resort - Villas,Argan Golf Resort , Finalisé, Route de l'Ourika à Marrakech,5 700 000, Haut standing
172,décembre 2020,Résidence Borj Deyae,Groupe Sbai Frères , Finalisé, Tanger City Center à Tanger,680 000, Haut standing
173,,Ahl Loghlam- Lots de terrain,Shems Al Madina-Tit Melil , Finalisé, Ahl Loghlam (Hay Assalam) à Casablanca,, Haut standing
174,,Vert Marine - Triplex,Saham Immobilier - Vert Marine , Finalisé, Dar Bouazza,3 980 000, Haut standing
175,décembre 2022,Résidence Mabrouk III ,Acharq Al Awsat , En cours de construction, Malabata à Tanger,1 080 000, Haut standing
176,,Résidence Les Lauriers,Groupe Al Omrane - Résidence Les Lauriers , En cours de construction, Charf à Tanger,140 000, Économique
177,,,Konouz Immobilier , En cours de construction,,,
178,,"Résidence Les Palmiers, vos studios et appartements entre calme et proximité au quartier l'Oasis ",Empire Immobilier - Résidence Les Palmiers , Finalisé, Oasis à Casablanca,1 230 000, Haut standing
179,,Résidence Rayhane II,Groupe Sbai frères , Finalisé, Centre à Tanger,950 000, Haut standing
180,,Shems Tit Mellil,Shems Tit Mellil , Finalisé, Tit Mellil,660 000, Économique
181,janvier 2022,Luxury Developement,Luxury developpement  , En cours de construction, Guéliz à Marrakech,600 000, Moyen standing
182,,ANFAL II,Coopérative WIFAQ ASMIR , En cours de construction, Harhoura,2 245 950, Haut standing
183,février 2021,Park Résidence,AL WAKRA pour l'investissement , En cours de construction, Haut Agdal à Rabat,, Haut standing
184,décembre 2022,Domaine Tagana - Lots de Terrains,DOMAINE TAGANA , En cours de construction, Route de Tahanaout à Marrakech,620 000,
185,,Lotissement Jnane Boujarrah - Avenue Mokhtar Soussi,Lotissement Jnane Boujarrah-Groupe Rebahi , Finalisé, Touilaa Foqia à Tétouan,399 000, Moyen standing
186,,,Groupe Allali - Fdala Business Center , Finalisé,,978 500,
187,janvier 2022,Green Walks,MASTER SAKANE , En cours de construction, Aïn Sebaâ à Casablanca,, Haut standing
188,,La perle de Hay Chmaou,Promoteur El Allali , En cours de construction, Hay Chmaou à Salé,900 000, Haut standing
189,,Résidence les cinq pavillons,Groupe Immobilier Rebahi - Les cinq pavillons , En cours de construction, Wilaya à Tétouan,, Haut standing
190,,Targa Place,TARGA PLACE , En cours de construction, Hay Targa à Marrakech,, Haut standing
191,,Résidence Rivera Palace,Taoui Développement - Rivera Palace , Finalisé, Oasis à Casablanca,1 225 000, Haut standing
192,,Marina Casablanca ,CGI  , Finalisé, Casablanca Marina à Casablanca,, Haut standing
193,août 2022,Résidence Bel Air,Benamour construction  , En cours de construction, La Ville Haute à Kénitra,760 000, Haut standing
194,décembre 2021,Rosa Parc Magasins,Groupe Allali - Magasins Rosa Parc , En cours de construction, Centre Ville à Mohammedia,720 000, Haut standing
195,,Les Perles Ain Sebaâ,Projet immobilier , Finalisé, Aïn Sebaâ à Casablanca,880 000, Moyen standing
196,,Complexe résidentiel Ibn Khaldoun - Magasins,Groupe Al Omrane - Ibn Khaldoune Magasins , Finalisé, Route Nationale Assilah (N1) à Tanger,391 000, Moyen standing
197,,Mirador Golf II,Groupe immobilier REBAHI - Mirador Golf II , Finalisé, Cabo Negro,693 000, Haut standing
198,,Rabat Square,Rabat Square , En cours de construction, Souissi à Rabat,2 300 000, Haut standing
199,,Famille D'amour,A.T.PROMO , Finalisé, Bourgogne Ouest à Casablanca,, Haut standing
200,,Ryad Al Andalous,Ryad Al Andalous , Finalisé, Riyad à Rabat,1 390 000, Haut standing
201,,Argan Golf Resort - Villas,Argan Golf Resort , Finalisé, Route de l'Ourika à Marrakech,5 700 000, Haut standing
202,décembre 2020,Résidence Borj Deyae,Groupe Sbai Frères , Finalisé, Tanger City Center à Tanger,680 000, Haut standing
203,,Ahl Loghlam- Lots de terrain,Shems Al Madina-Tit Melil , Finalisé, Ahl Loghlam (Hay Assalam) à Casablanca,, Haut standing
204,,Vert Marine - Triplex,Saham Immobilier - Vert Marine , Finalisé, Dar Bouazza,3 980 000, Haut standing
205,décembre 2022,Résidence Mabrouk III ,Acharq Al Awsat , En cours de construction, Malabata à Tanger,1 080 000, Haut standing
206,,Résidence Les Lauriers,Groupe Al Omrane - Résidence Les Lauriers , En cours de construction, Charf à Tanger,140 000, Économique
207,,,Konouz Immobilier , En cours de construction,,,
208,,"Résidence Les Palmiers, vos studios et appartements entre calme et proximité au quartier l'Oasis ",Empire Immobilier - Résidence Les Palmiers , Finalisé, Oasis à Casablanca,1 230 000, Haut standing
209,,Résidence Rayhane II,Groupe Sbai frères , Finalisé, Centre à Tanger,950 000, Haut standing
210,,Shems Tit Mellil,Shems Tit Mellil , Finalisé, Tit Mellil,660 000, Économique
211,janvier 2022,Luxury Developement,Luxury developpement  , En cours de construction, Guéliz à Marrakech,600 000, Moyen standing
212,,ANFAL II,Coopérative WIFAQ ASMIR , En cours de construction, Harhoura,2 245 950, Haut standing
213,février 2021,Park Résidence,AL WAKRA pour l'investissement , En cours de construction, Haut Agdal à Rabat,, Haut standing
214,décembre 2022,Domaine Tagana - Lots de Terrains,DOMAINE TAGANA , En cours de construction, Route de Tahanaout à Marrakech,620 000,
215,,Lotissement Jnane Boujarrah - Avenue Mokhtar Soussi,Lotissement Jnane Boujarrah-Groupe Rebahi , Finalisé, Touilaa Foqia à Tétouan,399 000, Moyen standing
216,,,Groupe Allali - Fdala Business Center , Finalisé,,978 500,
217,janvier 2022,Green Walks,MASTER SAKANE , En cours de construction, Aïn Sebaâ à Casablanca,, Haut standing
218,,La perle de Hay Chmaou,Promoteur El Allali , En cours de construction, Hay Chmaou à Salé,900 000, Haut standing
219,,Résidence les cinq pavillons,Groupe Immobilier Rebahi - Les cinq pavillons , En cours de construction, Wilaya à Tétouan,, Haut standing
220,,Targa Place,TARGA PLACE , En cours de construction, Hay Targa à Marrakech,, Haut standing
221,,Résidence Rivera Palace,Taoui Développement - Rivera Palace , Finalisé, Oasis à Casablanca,1 225 000, Haut standing
222,,Marina Casablanca ,CGI  , Finalisé, Casablanca Marina à Casablanca,, Haut standing
223,août 2022,Résidence Bel Air,Benamour construction  , En cours de construction, La Ville Haute à Kénitra,760 000, Haut standing
224,décembre 2021,Rosa Parc Magasins,Groupe Allali - Magasins Rosa Parc , En cours de construction, Centre Ville à Mohammedia,720 000, Haut standing
225,,Les Perles Ain Sebaâ,Projet immobilier , Finalisé, Aïn Sebaâ à Casablanca,880 000, Moyen standing
226,,Complexe résidentiel Ibn Khaldoun - Magasins,Groupe Al Omrane - Ibn Khaldoune Magasins , Finalisé, Route Nationale Assilah (N1) à Tanger,391 000, Moyen standing
227,,Mirador Golf II,Groupe immobilier REBAHI - Mirador Golf II , Finalisé, Cabo Negro,693 000, Haut standing
228,,Rabat Square,Rabat Square , En cours de construction, Souissi à Rabat,2 300 000, Haut standing
229,,Famille D'amour,A.T.PROMO , Finalisé, Bourgogne Ouest à Casablanca,, Haut standing
230,,Ryad Al Andalous,Ryad Al Andalous , Finalisé, Riyad à Rabat,1 390 000, Haut standing
231,,Argan Golf Resort - Villas,Argan Golf Resort , Finalisé, Route de l'Ourika à Marrakech,5 700 000, Haut standing
232,décembre 2020,Résidence Borj Deyae,Groupe Sbai Frères , Finalisé, Tanger City Center à Tanger,680 000, Haut standing
233,,Ahl Loghlam- Lots de terrain,Shems Al Madina-Tit Melil , Finalisé, Ahl Loghlam (Hay Assalam) à Casablanca,, Haut standing
234,,Vert Marine - Triplex,Saham Immobilier - Vert Marine , Finalisé, Dar Bouazza,3 980 000, Haut standing
235,décembre 2022,Résidence Mabrouk III ,Acharq Al Awsat , En cours de construction, Malabata à Tanger,1 080 000, Haut standing
236,,Résidence Les Lauriers,Groupe Al Omrane - Résidence Les Lauriers , En cours de construction, Charf à Tanger,140 000, Économique
237,,,Konouz Immobilier , En cours de construction,,,
238,,"Résidence Les Palmiers, vos studios et appartements entre calme et proximité au quartier l'Oasis ",Empire Immobilier - Résidence Les Palmiers , Finalisé, Oasis à Casablanca,1 230 000, Haut standing
239,,Résidence Rayhane II,Groupe Sbai frères , Finalisé, Centre à Tanger,950 000, Haut standing
240,,Shems Tit Mellil,Shems Tit Mellil , Finalisé, Tit Mellil,660 000, Économique
241,janvier 2022,Luxury Developement,Luxury developpement  , En cours de construction, Guéliz à Marrakech,600 000, Moyen standing
242,,ANFAL II,Coopérative WIFAQ ASMIR , En cours de construction, Harhoura,2 245 950, Haut standing
243,février 2021,Park Résidence,AL WAKRA pour l'investissement , En cours de construction, Haut Agdal à Rabat,, Haut standing
244,décembre 2022,Domaine Tagana - Lots de Terrains,DOMAINE TAGANA , En cours de construction, Route de Tahanaout à Marrakech,620 000,
245,,Lotissement Jnane Boujarrah - Avenue Mokhtar Soussi,Lotissement Jnane Boujarrah-Groupe Rebahi , Finalisé, Touilaa Foqia à Tétouan,399 000, Moyen standing
246,,,Groupe Allali - Fdala Business Center , Finalisé,,978 500,
247,janvier 2022,Green Walks,MASTER SAKANE , En cours de construction, Aïn Sebaâ à Casablanca,, Haut standing
248,,La perle de Hay Chmaou,Promoteur El Allali , En cours de construction, Hay Chmaou à Salé,900 000, Haut standing
249,,Résidence les cinq pavillons,Groupe Immobilier Rebahi - Les cinq pavillons , En cours de construction, Wilaya à Tétouan,, Haut standing
250,,Targa Place,TARGA PLACE , En cours de construction, Hay Targa à Marrakech,, Haut standing
251,,Résidence Rivera Palace,Taoui Développement - Rivera Palace , Finalisé, Oasis à Casablanca,1 225 000, Haut standing
252,,Marina Casablanca ,CGI  , Finalisé, Casablanca Marina à Casablanca,, Haut standing
253,août 2022,Résidence Bel Air,Benamour construction  , En cours de construction, La Ville Haute à Kénitra,760 000, Haut standing
254,décembre 2021,Rosa Parc Magasins,Groupe Allali - Magasins Rosa Parc , En cours de construction, Centre Ville à Mohammedia,720 000, Haut standing
255,,Les Perles Ain Sebaâ,Projet immobilier , Finalisé, Aïn Sebaâ à Casablanca,880 000, Moyen standing
256,,Complexe résidentiel Ibn Khaldoun - Magasins,Groupe Al Omrane - Ibn Khaldoune Magasins , Finalisé, Route Nationale Assilah (N1) à Tanger,391 000, Moyen standing
257,,Mirador Golf II,Groupe immobilier REBAHI - Mirador Golf II , Finalisé, Cabo Negro,693 000, Haut standing
258,,Rabat Square,Rabat Square , En cours de construction, Souissi à Rabat,2 300 000, Haut standing
259,,Famille D'amour,A.T.PROMO , Finalisé, Bourgogne Ouest à Casablanca,, Haut standing
260,,Ryad Al Andalous,Ryad Al Andalous , Finalisé, Riyad à Rabat,1 390 000, Haut standing
261,,Argan Golf Resort - Villas,Argan Golf Resort , Finalisé, Route de l'Ourika à Marrakech,5 700 000, Haut standing
262,décembre 2020,Résidence Borj Deyae,Groupe Sbai Frères , Finalisé, Tanger City Center à Tanger,680 000, Haut standing
263,,Ahl Loghlam- Lots de terrain,Shems Al Madina-Tit Melil , Finalisé, Ahl Loghlam (Hay Assalam) à Casablanca,, Haut standing
264,,Vert Marine - Triplex,Saham Immobilier - Vert Marine , Finalisé, Dar Bouazza,3 980 000, Haut standing
265,décembre 2022,Résidence Mabrouk III ,Acharq Al Awsat , En cours de construction, Malabata à Tanger,1 080 000, Haut standing
266,,Résidence Les Lauriers,Groupe Al Omrane - Résidence Les Lauriers , En cours de construction, Charf à Tanger,140 000, Économique
267,,,Konouz Immobilier , En cours de construction,,,
268,,"Résidence Les Palmiers, vos studios et appartements entre calme et proximité au quartier l'Oasis ",Empire Immobilier - Résidence Les Palmiers , Finalisé, Oasis à Casablanca,1 230 000, Haut standing
269,,Résidence Rayhane II,Groupe Sbai frères , Finalisé, Centre à Tanger,950 000, Haut standing
270,,Shems Tit Mellil,Shems Tit Mellil , Finalisé, Tit Mellil,660 000, Économique
271,janvier 2022,Luxury Developement,Luxury developpement  , En cours de construction, Guéliz à Marrakech,600 000, Moyen standing
272,,ANFAL II,Coopérative WIFAQ ASMIR , En cours de construction, Harhoura,2 245 950, Haut standing
273,février 2021,Park Résidence,AL WAKRA pour l'investissement , En cours de construction, Haut Agdal à Rabat,, Haut standing
274,décembre 2022,Domaine Tagana - Lots de Terrains,DOMAINE TAGANA , En cours de construction, Route de Tahanaout à Marrakech,620 000,
275,,Lotissement Jnane Boujarrah - Avenue Mokhtar Soussi,Lotissement Jnane Boujarrah-Groupe Rebahi , Finalisé, Touilaa Foqia à Tétouan,399 000, Moyen standing
276,,,Groupe Allali - Fdala Business Center , Finalisé,,978 500,
277,janvier 2022,Green Walks,MASTER SAKANE , En cours de construction, Aïn Sebaâ à Casablanca,, Haut standing
278,,La perle de Hay Chmaou,Promoteur El Allali , En cours de construction, Hay Chmaou à Salé,900 000, Haut standing
279,,Résidence les cinq pavillons,Groupe Immobilier Rebahi - Les cinq pavillons , En cours de construction, Wilaya à Tétouan,, Haut standing
280,,Targa Place,TARGA PLACE , En cours de construction, Hay Targa à Marrakech,, Haut standing
281,,Résidence Rivera Palace,Taoui Développement - Rivera Palace , Finalisé, Oasis à Casablanca,1 225 000, Haut standing
282,,Marina Casablanca ,CGI  , Finalisé, Casablanca Marina à Casablanca,, Haut standing
283,août 2022,Résidence Bel Air,Benamour construction  , En cours de construction, La Ville Haute à Kénitra,760 000, Haut standing
284,décembre 2021,Rosa Parc Magasins,Groupe Allali - Magasins Rosa Parc , En cours de construction, Centre Ville à Mohammedia,720 000, Haut standing
285,,Les Perles Ain Sebaâ,Projet immobilier , Finalisé, Aïn Sebaâ à Casablanca,880 000, Moyen standing
286,,Complexe résidentiel Ibn Khaldoun - Magasins,Groupe Al Omrane - Ibn Khaldoune Magasins , Finalisé, Route Nationale Assilah (N1) à Tanger,391 000, Moyen standing
287,,Mirador Golf II,Groupe immobilier REBAHI - Mirador Golf II , Finalisé, Cabo Negro,693 000, Haut standing
288,,Rabat Square,Rabat Square , En cours de construction, Souissi à Rabat,2 300 000, Haut standing
289,,Famille D'amour,A.T.PROMO , Finalisé, Bourgogne Ouest à Casablanca,, Haut standing
290,,Ryad Al Andalous,Ryad Al Andalous , Finalisé, Riyad à Rabat,1 390 000, Haut standing
291,,Argan Golf Resort - Villas,Argan Golf Resort , Finalisé, Route de l'Ourika à Marrakech,5 700 000, Haut standing
292,décembre 2020,Résidence Borj Deyae,Groupe Sbai Frères , Finalisé, Tanger City Center à Tanger,680 000, Haut standing
293,,Ahl Loghlam- Lots de terrain,Shems Al Madina-Tit Melil , Finalisé, Ahl Loghlam (Hay Assalam) à Casablanca,, Haut standing
294,,Vert Marine - Triplex,Saham Immobilier - Vert Marine , Finalisé, Dar Bouazza,3 980 000, Haut standing
295,décembre 2022,Résidence Mabrouk III ,Acharq Al Awsat , En cours de construction, Malabata à Tanger,1 080 000, Haut standing
296,,Résidence Les Lauriers,Groupe Al Omrane - Résidence Les Lauriers , En cours de construction, Charf à Tanger,140 000, Économique
297,,,Konouz Immobilier , En cours de construction,,,
298,,"Résidence Les Palmiers, vos studios et appartements entre calme et proximité au quartier l'Oasis ",Empire Immobilier - Résidence Les Palmiers , Finalisé, Oasis à Casablanca,1 230 000, Haut standing
299,,Résidence Rayhane II,Groupe Sbai frères , Finalisé, Centre à Tanger,950 000, Haut standing
300,,Shems Tit Mellil,Shems Tit Mellil , Finalisé, Tit Mellil,660 000, Économique
301,janvier 2022,Luxury Developement,Luxury developpement  , En cours de construction, Guéliz à Marrakech,600 000, Moyen standing
302,,ANFAL II,Coopérative WIFAQ ASMIR , En cours de construction, Harhoura,2 245 950, Haut standing
303,février 2021,Park Résidence,AL WAKRA pour l'investissement , En cours de construction, Haut Agdal à Rabat,, Haut standing
304,décembre 2022,Domaine Tagana - Lots de Terrains,DOMAINE TAGANA , En cours de construction, Route de Tahanaout à Marrakech,620 000,
305,,Lotissement Jnane Boujarrah - Avenue Mokhtar Soussi,Lotissement Jnane Boujarrah-Groupe Rebahi , Finalisé, Touilaa Foqia à Tétouan,399 000, Moyen standing
306,,,Groupe Allali - Fdala Business Center , Finalisé,,978 500,
307,janvier 2022,Green Walks,MASTER SAKANE , En cours de construction, Aïn Sebaâ à Casablanca,, Haut standing
308,,La perle de Hay Chmaou,Promoteur El Allali , En cours de construction, Hay Chmaou à Salé,900 000, Haut standing
309,,Résidence les cinq pavillons,Groupe Immobilier Rebahi - Les cinq pavillons , En cours de construction, Wilaya à Tétouan,, Haut standing
310,,Targa Place,TARGA PLACE , En cours de construction, Hay Targa à Marrakech,, Haut standing
311,,Résidence Rivera Palace,Taoui Développement - Rivera Palace , Finalisé, Oasis à Casablanca,1 225 000, Haut standing
312,,Marina Casablanca ,CGI  , Finalisé, Casablanca Marina à Casablanca,, Haut standing
313,août 2022,Résidence Bel Air,Benamour construction  , En cours de construction, La Ville Haute à Kénitra,760 000, Haut standing
314,décembre 2021,Rosa Parc Magasins,Groupe Allali - Magasins Rosa Parc , En cours de construction, Centre Ville à Mohammedia,720 000, Haut standing
315,,Les Perles Ain Sebaâ,Projet immobilier , Finalisé, Aïn Sebaâ à Casablanca,880 000, Moyen standing
316,,Complexe résidentiel Ibn Khaldoun - Magasins,Groupe Al Omrane - Ibn Khaldoune Magasins , Finalisé, Route Nationale Assilah (N1) à Tanger,391 000, Moyen standing
317,,Mirador Golf II,Groupe immobilier REBAHI - Mirador Golf II , Finalisé, Cabo Negro,693 000, Haut standing
318,,Rabat Square,Rabat Square , En cours de construction, Souissi à Rabat,2 300 000, Haut standing
319,,Famille D'amour,A.T.PROMO , Finalisé, Bourgogne Ouest à Casablanca,, Haut standing
320,,Ryad Al Andalous,Ryad Al Andalous , Finalisé, Riyad à Rabat,1 390 000, Haut standing
321,,Argan Golf Resort - Villas,Argan Golf Resort , Finalisé, Route de l'Ourika à Marrakech,5 700 000, Haut standing
322,décembre 2020,Résidence Borj Deyae,Groupe Sbai Frères , Finalisé, Tanger City Center à Tanger,680 000, Haut standing
323,,Ahl Loghlam- Lots de terrain,Shems Al Madina-Tit Melil , Finalisé, Ahl Loghlam (Hay Assalam) à Casablanca,, Haut standing
324,,Vert Marine - Triplex,Saham Immobilier - Vert Marine , Finalisé, Dar Bouazza,3 980 000, Haut standing
325,décembre 2022,Résidence Mabrouk III ,Acharq Al Awsat , En cours de construction, Malabata à Tanger,1 080 000, Haut standing
326,,Résidence Les Lauriers,Groupe Al Omrane - Résidence Les Lauriers , En cours de construction, Charf à Tanger,140 000, Économique
327,,,Konouz Immobilier , En cours de construction,,,
328,,"Résidence Les Palmiers, vos studios et appartements entre calme et proximité au quartier l'Oasis ",Empire Immobilier - Résidence Les Palmiers , Finalisé, Oasis à Casablanca,1 230 000, Haut standing
329,,Résidence Rayhane II,Groupe Sbai frères , Finalisé, Centre à Tanger,950 000, Haut standing
330,,Shems Tit Mellil,Shems Tit Mellil , Finalisé, Tit Mellil,660 000, Économique
331,janvier 2022,Luxury Developement,Luxury developpement  , En cours de construction, Guéliz à Marrakech,600 000, Moyen standing
332,,ANFAL II,Coopérative WIFAQ ASMIR , En cours de construction, Harhoura,2 245 950, Haut standing
333,février 2021,Park Résidence,AL WAKRA pour l'investissement , En cours de construction, Haut Agdal à Rabat,, Haut standing
334,décembre 2022,Domaine Tagana - Lots de Terrains,DOMAINE TAGANA , En cours de construction, Route de Tahanaout à Marrakech,620 000,
335,,Lotissement Jnane Boujarrah - Avenue Mokhtar Soussi,Lotissement Jnane Boujarrah-Groupe Rebahi , Finalisé, Touilaa Foqia à Tétouan,399 000, Moyen standing
336,,,Groupe Allali - Fdala Business Center , Finalisé,,978 500,
337,janvier 2022,Green Walks,MASTER SAKANE , En cours de construction, Aïn Sebaâ à Casablanca,, Haut standing
338,,La perle de Hay Chmaou,Promoteur El Allali , En cours de construction, Hay Chmaou à Salé,900 000, Haut standing
339,,Résidence les cinq pavillons,Groupe Immobilier Rebahi - Les cinq pavillons , En cours de construction, Wilaya à Tétouan,, Haut standing
340,,Targa Place,TARGA PLACE , En cours de construction, Hay Targa à Marrakech,, Haut standing
341,,Résidence Rivera Palace,Taoui Développement - Rivera Palace , Finalisé, Oasis à Casablanca,1 225 000, Haut standing
342,,Marina Casablanca ,CGI  , Finalisé, Casablanca Marina à Casablanca,, Haut standing
343,août 2022,Résidence Bel Air,Benamour construction  , En cours de construction, La Ville Haute à Kénitra,760 000, Haut standing
344,décembre 2021,Rosa Parc Magasins,Groupe Allali - Magasins Rosa Parc , En cours de construction, Centre Ville à Mohammedia,720 000, Haut standing
345,,Les Perles Ain Sebaâ,Projet immobilier , Finalisé, Aïn Sebaâ à Casablanca,880 000, Moyen standing
346,,Complexe résidentiel Ibn Khaldoun - Magasins,Groupe Al Omrane - Ibn Khaldoune Magasins , Finalisé, Route Nationale Assilah (N1) à Tanger,391 000, Moyen standing
347,,Mirador Golf II,Groupe immobilier REBAHI - Mirador Golf II , Finalisé, Cabo Negro,693 000, Haut standing
348,,Rabat Square,Rabat Square , En cours de construction, Souissi à Rabat,2 300 000, Haut standing
349,,Famille D'amour,A.T.PROMO , Finalisé, Bourgogne Ouest à Casablanca,, Haut standing
350,,Ryad Al Andalous,Ryad Al Andalous , Finalisé, Riyad à Rabat,1 390 000, Haut standing
351,,Argan Golf Resort - Villas,Argan Golf Resort , Finalisé, Route de l'Ourika à Marrakech,5 700 000, Haut standing
352,décembre 2020,Résidence Borj Deyae,Groupe Sbai Frères , Finalisé, Tanger City Center à Tanger,680 000, Haut standing
353,,Ahl Loghlam- Lots de terrain,Shems Al Madina-Tit Melil , Finalisé, Ahl Loghlam (Hay Assalam) à Casablanca,, Haut standing
354,,Vert Marine - Triplex,Saham Immobilier - Vert Marine , Finalisé, Dar Bouazza,3 980 000, Haut standing
355,décembre 2022,Résidence Mabrouk III ,Acharq Al Awsat , En cours de construction, Malabata à Tanger,1 080 000, Haut standing
356,,Résidence Les Lauriers,Groupe Al Omrane - Résidence Les Lauriers , En cours de construction, Charf à Tanger,140 000, Économique
357,,,Konouz Immobilier , En cours de construction,,,
358,,"Résidence Les Palmiers, vos studios et appartements entre calme et proximité au quartier l'Oasis ",Empire Immobilier - Résidence Les Palmiers , Finalisé, Oasis à Casablanca,1 230 000, Haut standing
359,,Résidence Rayhane II,Groupe Sbai frères , Finalisé, Centre à Tanger,950 000, Haut standing
360,,Shems Tit Mellil,Shems Tit Mellil , Finalisé, Tit Mellil,660 000, Économique
361,janvier 2022,Luxury Developement,Luxury developpement  , En cours de construction, Guéliz à Marrakech,600 000, Moyen standing
362,,ANFAL II,Coopérative WIFAQ ASMIR , En cours de construction, Harhoura,2 245 950, Haut standing
363,février 2021,Park Résidence,AL WAKRA pour l'investissement , En cours de construction, Haut Agdal à Rabat,, Haut standing
364,décembre 2022,Domaine Tagana - Lots de Terrains,DOMAINE TAGANA , En cours de construction, Route de Tahanaout à Marrakech,620 000,
365,,Lotissement Jnane Boujarrah - Avenue Mokhtar Soussi,Lotissement Jnane Boujarrah-Groupe Rebahi , Finalisé, Touilaa Foqia à Tétouan,399 000, Moyen standing
366,,,Groupe Allali - Fdala Business Center , Finalisé,,978 500,
367,janvier 2022,Green Walks,MASTER SAKANE , En cours de construction, Aïn Sebaâ à Casablanca,, Haut standing
368,,La perle de Hay Chmaou,Promoteur El Allali , En cours de construction, Hay Chmaou à Salé,900 000, Haut standing
369,,Résidence les cinq pavillons,Groupe Immobilier Rebahi - Les cinq pavillons , En cours de construction, Wilaya à Tétouan,, Haut standing
370,,Targa Place,TARGA PLACE , En cours de construction, Hay Targa à Marrakech,, Haut standing
371,,Résidence Rivera Palace,Taoui Développement - Rivera Palace , Finalisé, Oasis à Casablanca,1 225 000, Haut standing
372,,Marina Casablanca ,CGI  , Finalisé, Casablanca Marina à Casablanca,, Haut standing
373,août 2022,Résidence Bel Air,Benamour construction  , En cours de construction, La Ville Haute à Kénitra,760 000, Haut standing
374,décembre 2021,Rosa Parc Magasins,Groupe Allali - Magasins Rosa Parc , En cours de construction, Centre Ville à Mohammedia,720 000, Haut standing
375,,Les Perles Ain Sebaâ,Projet immobilier , Finalisé, Aïn Sebaâ à Casablanca,880 000, Moyen standing
376,,Complexe résidentiel Ibn Khaldoun - Magasins,Groupe Al Omrane - Ibn Khaldoune Magasins , Finalisé, Route Nationale Assilah (N1) à Tanger,391 000, Moyen standing
377,,Mirador Golf II,Groupe immobilier REBAHI - Mirador Golf II , Finalisé, Cabo Negro,693 000, Haut standing
378,,Rabat Square,Rabat Square , En cours de construction, Souissi à Rabat,2 300 000, Haut standing
379,,Famille D'amour,A.T.PROMO , Finalisé, Bourgogne Ouest à Casablanca,, Haut standing
380,,Ryad Al Andalous,Ryad Al Andalous , Finalisé, Riyad à Rabat,1 390 000, Haut standing
381,,Argan Golf Resort - Villas,Argan Golf Resort , Finalisé, Route de l'Ourika à Marrakech,5 700 000, Haut standing
382,décembre 2020,Résidence Borj Deyae,Groupe Sbai Frères , Finalisé, Tanger City Center à Tanger,680 000, Haut standing
383,,Ahl Loghlam- Lots de terrain,Shems Al Madina-Tit Melil , Finalisé, Ahl Loghlam (Hay Assalam) à Casablanca,, Haut standing
384,,Vert Marine - Triplex,Saham Immobilier - Vert Marine , Finalisé, Dar Bouazza,3 980 000, Haut standing
385,décembre 2022,Résidence Mabrouk III ,Acharq Al Awsat , En cours de construction, Malabata à Tanger,1 080 000, Haut standing
386,,Résidence Les Lauriers,Groupe Al Omrane - Résidence Les Lauriers , En cours de construction, Charf à Tanger,140 000, Économique
387,,,Konouz Immobilier , En cours de construction,,,
388,,"Résidence Les Palmiers, vos studios et appartements entre calme et proximité au quartier l'Oasis ",Empire Immobilier - Résidence Les Palmiers , Finalisé, Oasis à Casablanca,1 230 000, Haut standing
389,,Résidence Rayhane II,Groupe Sbai frères , Finalisé, Centre à Tanger,, Haut standing
390,,Shems Tit Mellil,Shems Tit Mellil , Finalisé, Tit Mellil,660 000, Économique
391,janvier 2022,Luxury Developement,Luxury developpement  , En cours de construction, Guéliz à Marrakech,600 000, Moyen standing
392,,ANFAL II,Coopérative WIFAQ ASMIR , En cours de construction, Harhoura,2 245 950, Haut standing
393,février 2021,Park Résidence,AL WAKRA pour l'investissement , En cours de construction, Haut Agdal à Rabat,, Haut standing
394,décembre 2022,Domaine Tagana - Lots de Terrains,DOMAINE TAGANA , En cours de construction, Route de Tahanaout à Marrakech,620 000,
395,,Lotissement Jnane Boujarrah - Avenue Mokhtar Soussi,Lotissement Jnane Boujarrah-Groupe Rebahi , Finalisé, Touilaa Foqia à Tétouan,399 000, Moyen standing
396,,,Groupe Allali - Fdala Business Center , Finalisé,,978 500,
397,janvier 2022,Green Walks,MASTER SAKANE , En cours de construction, Aïn Sebaâ à Casablanca,, Haut standing
398,,La perle de Hay Chmaou,Promoteur El Allali , En cours de construction, Hay Chmaou à Salé,900 000, Haut standing
399,,Résidence les cinq pavillons,Groupe Immobilier Rebahi - Les cinq pavillons , En cours de construction, Wilaya à Tétouan,, Haut standing
400,,Targa Place,TARGA PLACE , En cours de construction, Hay Targa à Marrakech,, Haut standing
401,,Résidence Rivera Palace,Taoui Développement - Rivera Palace , Finalisé, Oasis à Casablanca,1 225 000, Haut standing
402,,Marina Casablanca ,CGI  , Finalisé, Casablanca Marina à Casablanca,, Haut standing
403,août 2022,Résidence Bel Air,Benamour construction  , En cours de construction, La Ville Haute à Kénitra,760 000, Haut standing
404,décembre 2021,Rosa Parc Magasins,Groupe Allali - Magasins Rosa Parc , En cours de construction, Centre Ville à Mohammedia,720 000, Haut standing
405,,Les Perles Ain Sebaâ,Projet immobilier , Finalisé, Aïn Sebaâ à Casablanca,880 000, Moyen standing
406,,Complexe résidentiel Ibn Khaldoun - Magasins,Groupe Al Omrane - Ibn Khaldoune Magasins , Finalisé, Route Nationale Assilah (N1) à Tanger,391 000, Moyen standing
407,,Mirador Golf II,Groupe immobilier REBAHI - Mirador Golf II , Finalisé, Cabo Negro,693 000, Haut standing
408,,Rabat Square,Rabat Square , En cours de construction, Souissi à Rabat,2 300 000, Haut standing
409,,Famille D'amour,A.T.PROMO , Finalisé, Bourgogne Ouest à Casablanca,, Haut standing
410,,Ryad Al Andalous,Ryad Al Andalous , Finalisé, Riyad à Rabat,1 390 000, Haut standing
411,,Argan Golf Resort - Villas,Argan Golf Resort , Finalisé, Route de l'Ourika à Marrakech,5 700 000, Haut standing
412,décembre 2020,Résidence Borj Deyae,Groupe Sbai Frères , Finalisé, Tanger City Center à Tanger,680 000, Haut standing
413,,Ahl Loghlam- Lots de terrain,Shems Al Madina-Tit Melil , Finalisé, Ahl Loghlam (Hay Assalam) à Casablanca,, Haut standing
414,,Vert Marine - Triplex,Saham Immobilier - Vert Marine , Finalisé, Dar Bouazza,3 980 000, Haut standing
415,décembre 2022,Résidence Mabrouk III ,Acharq Al Awsat , En cours de construction, Malabata à Tanger,1 080 000, Haut standing
416,,Résidence Les Lauriers,Groupe Al Omrane - Résidence Les Lauriers , En cours de construction, Charf à Tanger,140 000, Économique
417,,,Konouz Immobilier , En cours de construction,,,
418,,"Résidence Les Palmiers, vos studios et appartements entre calme et proximité au quartier l'Oasis ",Empire Immobilier - Résidence Les Palmiers , Finalisé, Oasis à Casablanca,1 230 000, Haut standing
419,,Résidence Rayhane II,Groupe Sbai frères , Finalisé, Centre à Tanger,, Haut standing
